gas_name,gas_year,gas_month,gas_average
Carbon D(C13/C12),1990,1,-8.35
Carbon D(C13/C12),1990,2,-8.386
Carbon D(C13/C12),1990,3,-8.408
Carbon D(C13/C12),1990,4,-8.382
Carbon D(C13/C12),1990,5,-8.331
Carbon D(C13/C12),1990,6,-8.142
Carbon D(C13/C12),1990,7,-7.715
Carbon D(C13/C12),1990,8,-7.441
Carbon D(C13/C12),1990,9,-7.547
Carbon D(C13/C12),1990,10,-7.819
Carbon D(C13/C12),1990,11,-8.043
Carbon D(C13/C12),1990,12,-8.193
Carbon D(C13/C12),1991,1,-8.266
Carbon D(C13/C12),1991,2,-8.289
Carbon D(C13/C12),1991,3,-8.284
Carbon D(C13/C12),1991,4,-8.27
Carbon D(C13/C12),1991,5,-8.297
Carbon D(C13/C12),1991,6,-8.198
Carbon D(C13/C12),1991,7,-7.813
Carbon D(C13/C12),1991,8,-7.504
Carbon D(C13/C12),1991,9,-7.597
Carbon D(C13/C12),1991,10,-7.863
Carbon D(C13/C12),1991,11,-8.065
Carbon D(C13/C12),1991,12,-8.202
Carbon D(C13/C12),1992,1,-8.244
Carbon D(C13/C12),1992,2,-8.252
Carbon D(C13/C12),1992,3,-8.252
Carbon D(C13/C12),1992,4,-8.258
Carbon D(C13/C12),1992,5,-8.291
Carbon D(C13/C12),1992,6,-8.162
Carbon D(C13/C12),1992,7,-7.758
Carbon D(C13/C12),1992,8,-7.461
Carbon D(C13/C12),1992,9,-7.538
Carbon D(C13/C12),1992,10,-7.763
Carbon D(C13/C12),1992,11,-7.991
Carbon D(C13/C12),1992,12,-8.156
Carbon D(C13/C12),1993,1,-8.231
Carbon D(C13/C12),1993,2,-8.273
Carbon D(C13/C12),1993,3,-8.289
Carbon D(C13/C12),1993,4,-8.271
Carbon D(C13/C12),1993,5,-8.25
Carbon D(C13/C12),1993,6,-8.063
Carbon D(C13/C12),1993,7,-7.686
Carbon D(C13/C12),1993,8,-7.415
Carbon D(C13/C12),1993,9,-7.531
Carbon D(C13/C12),1993,10,-7.775
Carbon D(C13/C12),1993,11,-7.994
Carbon D(C13/C12),1993,12,-8.143
Carbon D(C13/C12),1994,1,-8.227
Carbon D(C13/C12),1994,2,-8.287
Carbon D(C13/C12),1994,3,-8.307
Carbon D(C13/C12),1994,4,-8.299
Carbon D(C13/C12),1994,5,-8.297
Carbon D(C13/C12),1994,6,-8.136
Carbon D(C13/C12),1994,7,-7.761
Carbon D(C13/C12),1994,8,-7.461
Carbon D(C13/C12),1994,9,-7.566
Carbon D(C13/C12),1994,10,-7.873
Carbon D(C13/C12),1994,11,-8.132
Carbon D(C13/C12),1994,12,-8.277
Carbon D(C13/C12),1995,1,-8.343
Carbon D(C13/C12),1995,2,-8.366
Carbon D(C13/C12),1995,3,-8.361
Carbon D(C13/C12),1995,4,-8.344
Carbon D(C13/C12),1995,5,-8.352
Carbon D(C13/C12),1995,6,-8.221
Carbon D(C13/C12),1995,7,-7.819
Carbon D(C13/C12),1995,8,-7.541
Carbon D(C13/C12),1995,9,-7.643
Carbon D(C13/C12),1995,10,-7.931
Carbon D(C13/C12),1995,11,-8.177
Carbon D(C13/C12),1995,12,-8.312
Carbon D(C13/C12),1996,1,-8.364
Carbon D(C13/C12),1996,2,-8.375
Carbon D(C13/C12),1996,3,-8.375
Carbon D(C13/C12),1996,4,-8.387
Carbon D(C13/C12),1996,5,-8.446
Carbon D(C13/C12),1996,6,-8.375
Carbon D(C13/C12),1996,7,-8.012
Carbon D(C13/C12),1996,8,-7.698
Carbon D(C13/C12),1996,9,-7.74
Carbon D(C13/C12),1996,10,-7.936
Carbon D(C13/C12),1996,11,-8.101
Carbon D(C13/C12),1996,12,-8.246
Carbon D(C13/C12),1997,1,-8.328
Carbon D(C13/C12),1997,2,-8.369
Carbon D(C13/C12),1997,3,-8.391
Carbon D(C13/C12),1997,4,-8.401
Carbon D(C13/C12),1997,5,-8.425
Carbon D(C13/C12),1997,6,-8.279
Carbon D(C13/C12),1997,7,-7.879
Carbon D(C13/C12),1997,8,-7.626
Carbon D(C13/C12),1997,9,-7.72
Carbon D(C13/C12),1997,10,-7.965
Carbon D(C13/C12),1997,11,-8.135
Carbon D(C13/C12),1997,12,-8.26
Carbon D(C13/C12),1998,1,-8.332
Carbon D(C13/C12),1998,2,-8.379
Carbon D(C13/C12),1998,3,-8.412
Carbon D(C13/C12),1998,4,-8.429
Carbon D(C13/C12),1998,5,-8.459
Carbon D(C13/C12),1998,6,-8.326
Carbon D(C13/C12),1998,7,-7.923
Carbon D(C13/C12),1998,8,-7.644
Carbon D(C13/C12),1998,9,-7.756
Carbon D(C13/C12),1998,10,-8.01
Carbon D(C13/C12),1998,11,-8.253
Carbon D(C13/C12),1998,12,-8.413
Carbon D(C13/C12),1999,1,-8.471
Carbon D(C13/C12),1999,2,-8.492
Carbon D(C13/C12),1999,3,-8.493
Carbon D(C13/C12),1999,4,-8.49
Carbon D(C13/C12),1999,5,-8.51
Carbon D(C13/C12),1999,6,-8.353
Carbon D(C13/C12),1999,7,-7.969
Carbon D(C13/C12),1999,8,-7.659
Carbon D(C13/C12),1999,9,-7.745
Carbon D(C13/C12),1999,10,-7.998
Carbon D(C13/C12),1999,11,-8.251
Carbon D(C13/C12),1999,12,-8.418
Carbon D(C13/C12),2000,1,-8.47
Carbon D(C13/C12),2000,2,-8.47
Carbon D(C13/C12),2000,3,-8.456
Carbon D(C13/C12),2000,4,-8.453
Carbon D(C13/C12),2000,5,-8.49
Carbon D(C13/C12),2000,6,-8.369
Carbon D(C13/C12),2000,7,-7.96
Carbon D(C13/C12),2000,8,-7.666
Carbon D(C13/C12),2000,9,-7.74
Carbon D(C13/C12),2000,10,-7.978
Carbon D(C13/C12),2000,11,-8.178
Carbon D(C13/C12),2000,12,-8.302
Carbon D(C13/C12),2001,1,-8.384
Carbon D(C13/C12),2001,2,-8.444
Carbon D(C13/C12),2001,3,-8.472
Carbon D(C13/C12),2001,4,-8.472
Carbon D(C13/C12),2001,5,-8.478
Carbon D(C13/C12),2001,6,-8.344
Carbon D(C13/C12),2001,7,-7.938
Carbon D(C13/C12),2001,8,-7.643
Carbon D(C13/C12),2001,9,-7.726
Carbon D(C13/C12),2001,10,-8.001
Carbon D(C13/C12),2001,11,-8.249
Carbon D(C13/C12),2001,12,-8.413
Carbon D(C13/C12),2002,1,-8.476
Carbon D(C13/C12),2002,2,-8.483
Carbon D(C13/C12),2002,3,-8.468
Carbon D(C13/C12),2002,4,-8.458
Carbon D(C13/C12),2002,5,-8.494
Carbon D(C13/C12),2002,6,-8.404
Carbon D(C13/C12),2002,7,-8.03
Carbon D(C13/C12),2002,8,-7.734
Carbon D(C13/C12),2002,9,-7.825
Carbon D(C13/C12),2002,10,-8.061
Carbon D(C13/C12),2002,11,-8.233
Carbon D(C13/C12),2002,12,-8.38
Carbon D(C13/C12),2003,1,-8.494
Carbon D(C13/C12),2003,2,-8.579
Carbon D(C13/C12),2003,3,-8.616
Carbon D(C13/C12),2003,4,-8.593
Carbon D(C13/C12),2003,5,-8.578
Carbon D(C13/C12),2003,6,-8.418
Carbon D(C13/C12),2003,7,-8.026
Carbon D(C13/C12),2003,8,-7.777
Carbon D(C13/C12),2003,9,-7.88
Carbon D(C13/C12),2003,10,-8.16
Carbon D(C13/C12),2003,11,-8.374
Carbon D(C13/C12),2003,12,-8.519
Carbon D(C13/C12),2004,1,-8.558
Carbon D(C13/C12),2004,2,-8.559
Carbon D(C13/C12),2004,3,-8.562
Carbon D(C13/C12),2004,4,-8.568
Carbon D(C13/C12),2004,5,-8.576
Carbon D(C13/C12),2004,6,-8.393
Carbon D(C13/C12),2004,7,-8.001
Carbon D(C13/C12),2004,8,-7.712
Carbon D(C13/C12),2004,9,-7.819
Carbon D(C13/C12),2004,10,-8.063
Carbon D(C13/C12),2004,11,-8.287
Carbon D(C13/C12),2004,12,-8.441
Carbon D(C13/C12),2005,1,-8.526
Carbon D(C13/C12),2005,2,-8.587
Carbon D(C13/C12),2005,3,-8.613
Carbon D(C13/C12),2005,4,-8.615
Carbon D(C13/C12),2005,5,-8.623
Carbon D(C13/C12),2005,6,-8.468
Carbon D(C13/C12),2005,7,-8.096
Carbon D(C13/C12),2005,8,-7.804
Carbon D(C13/C12),2005,9,-7.91
Carbon D(C13/C12),2005,10,-8.201
Carbon D(C13/C12),2005,11,-8.431
Carbon D(C13/C12),2005,12,-8.549
Carbon D(C13/C12),2006,1,-8.59
Carbon D(C13/C12),2006,2,-8.604
Carbon D(C13/C12),2006,3,-8.612
Carbon D(C13/C12),2006,4,-8.626
Carbon D(C13/C12),2006,5,-8.676
Carbon D(C13/C12),2006,6,-8.575
Carbon D(C13/C12),2006,7,-8.188
Carbon D(C13/C12),2006,8,-7.915
Carbon D(C13/C12),2006,9,-8.012
Carbon D(C13/C12),2006,10,-8.274
Carbon D(C13/C12),2006,11,-8.48
Carbon D(C13/C12),2006,12,-8.584
Carbon D(C13/C12),2007,1,-8.624
Carbon D(C13/C12),2007,2,-8.649
Carbon D(C13/C12),2007,3,-8.668
Carbon D(C13/C12),2007,4,-8.674
Carbon D(C13/C12),2007,5,-8.677
Carbon D(C13/C12),2007,6,-8.525
Carbon D(C13/C12),2007,7,-8.104
Carbon D(C13/C12),2007,8,-7.815
Carbon D(C13/C12),2007,9,-7.914
Carbon D(C13/C12),2007,10,-8.19
Carbon D(C13/C12),2007,11,-8.421
Carbon D(C13/C12),2007,12,-8.581
Carbon D(C13/C12),2008,1,-8.679
Carbon D(C13/C12),2008,2,-8.737
Carbon D(C13/C12),2008,3,-8.755
Carbon D(C13/C12),2008,4,-8.739
Carbon D(C13/C12),2008,5,-8.736
Carbon D(C13/C12),2008,6,-8.57
Carbon D(C13/C12),2008,7,-8.157
Carbon D(C13/C12),2008,8,-7.892
Carbon D(C13/C12),2008,9,-7.988
Carbon D(C13/C12),2008,10,-8.27
Carbon D(C13/C12),2008,11,-8.49
Carbon D(C13/C12),2008,12,-8.642
Carbon D(C13/C12),2009,1,-8.69
Carbon D(C13/C12),2009,2,-8.7
Carbon D(C13/C12),2009,3,-8.706
Carbon D(C13/C12),2009,4,-8.711
Carbon D(C13/C12),2009,5,-8.726
Carbon D(C13/C12),2009,6,-8.567
Carbon D(C13/C12),2009,7,-8.143
Carbon D(C13/C12),2009,8,-7.853
Carbon D(C13/C12),2009,9,-7.96
Carbon D(C13/C12),2009,10,-8.206
Carbon D(C13/C12),2009,11,-8.433
Carbon D(C13/C12),2009,12,-8.575
Carbon D(C13/C12),2010,1,-8.629
Carbon D(C13/C12),2010,2,-8.666
Carbon D(C13/C12),2010,3,-8.697
Carbon D(C13/C12),2010,4,-8.699
Carbon D(C13/C12),2010,5,-8.688
Carbon D(C13/C12),2010,6,-8.505
Carbon D(C13/C12),2010,7,-8.136
Carbon D(C13/C12),2010,8,-7.885
Carbon D(C13/C12),2010,9,-8.032
Carbon D(C13/C12),2010,10,-8.304
Carbon D(C13/C12),2010,11,-8.542
Carbon D(C13/C12),2010,12,-8.681
Carbon D(C13/C12),2011,1,-8.724
Carbon D(C13/C12),2011,2,-8.746
Carbon D(C13/C12),2011,3,-8.761
Carbon D(C13/C12),2011,4,-8.765
Carbon D(C13/C12),2011,5,-8.758
Carbon D(C13/C12),2011,6,-8.562
Carbon D(C13/C12),2011,7,-8.157
Carbon D(C13/C12),2011,8,-7.86
Carbon D(C13/C12),2011,9,-7.995
Carbon D(C13/C12),2011,10,-8.322
Carbon D(C13/C12),2011,11,-8.573
Carbon D(C13/C12),2011,12,-8.688
Carbon D(C13/C12),2012,1,-8.714
Carbon D(C13/C12),2012,2,-8.72
Carbon D(C13/C12),2012,3,-8.736
Carbon D(C13/C12),2012,4,-8.759
Carbon D(C13/C12),2012,5,-8.775
Carbon D(C13/C12),2012,6,-8.614
Carbon D(C13/C12),2012,7,-8.184
Carbon D(C13/C12),2012,8,-7.92
Carbon D(C13/C12),2012,9,-8.062
Carbon D(C13/C12),2012,10,-8.37
Carbon D(C13/C12),2012,11,-8.583
Carbon D(C13/C12),2012,12,-8.687
Carbon D(C13/C12),2013,1,-8.739
Carbon D(C13/C12),2013,2,-8.784
Carbon D(C13/C12),2013,3,-8.809
Carbon D(C13/C12),2013,4,-8.802
Carbon D(C13/C12),2013,5,-8.812
Carbon D(C13/C12),2013,6,-8.708
Carbon D(C13/C12),2013,7,-8.345
Carbon D(C13/C12),2013,8,-8.071
Carbon D(C13/C12),2013,9,-8.182
Carbon D(C13/C12),2013,10,-8.439
Carbon D(C13/C12),2013,11,-8.619
Carbon D(C13/C12),2013,12,-8.739
Carbon D(C13/C12),2014,1,-8.785
Carbon D(C13/C12),2014,2,-8.806
Carbon D(C13/C12),2014,3,-8.815
Carbon D(C13/C12),2014,4,-8.816
Carbon D(C13/C12),2014,5,-8.841
Carbon D(C13/C12),2014,6,-8.711
Carbon D(C13/C12),2014,7,-8.316
Carbon D(C13/C12),2014,8,-8.042
Carbon D(C13/C12),2014,9,-8.111
Carbon D(C13/C12),2014,10,-8.368
Carbon D(C13/C12),2014,11,-8.578
Carbon D(C13/C12),2014,12,-8.737
Carbon D(O18/O16),1990,2,-0.485
Carbon D(O18/O16),1990,3,-0.38
Carbon D(O18/O16),1990,4,-0.329
Carbon D(O18/O16),1990,5,-0.342
Carbon D(O18/O16),1990,6,-0.249
Carbon D(O18/O16),1990,7,-0.119
Carbon D(O18/O16),1990,8,-0.341
Carbon D(O18/O16),1990,9,-0.778
Carbon D(O18/O16),1990,10,-1.099
Carbon D(O18/O16),1990,11,-1.128
Carbon D(O18/O16),1990,12,-0.899
Carbon D(O18/O16),1991,1,-0.547
Carbon D(O18/O16),1991,2,-0.284
Carbon D(O18/O16),1991,3,-0.077
Carbon D(O18/O16),1991,4,0.09
Carbon D(O18/O16),1991,5,0.134
Carbon D(O18/O16),1991,6,0.144
Carbon D(O18/O16),1991,7,0.055
Carbon D(O18/O16),1991,8,-0.373
Carbon D(O18/O16),1991,9,-0.904
Carbon D(O18/O16),1991,10,-1.101
Carbon D(O18/O16),1991,11,-1.005
Carbon D(O18/O16),1991,12,-0.76
Carbon D(O18/O16),1992,1,-0.471
Carbon D(O18/O16),1992,2,-0.261
Carbon D(O18/O16),1992,3,-0.063
Carbon D(O18/O16),1992,4,0.065
Carbon D(O18/O16),1992,5,0.061
Carbon D(O18/O16),1992,6,0.073
Carbon D(O18/O16),1992,7,0.063
Carbon D(O18/O16),1992,8,-0.266
Carbon D(O18/O16),1992,9,-0.71
Carbon D(O18/O16),1992,10,-0.876
Carbon D(O18/O16),1992,11,-0.802
Carbon D(O18/O16),1992,12,-0.579
Carbon D(O18/O16),1993,1,-0.327
Carbon D(O18/O16),1993,2,-0.124
Carbon D(O18/O16),1993,3,0.055
Carbon D(O18/O16),1993,4,0.162
Carbon D(O18/O16),1993,5,0.092
Carbon D(O18/O16),1993,6,-0.024
Carbon D(O18/O16),1993,7,-0.172
Carbon D(O18/O16),1993,8,-0.576
Carbon D(O18/O16),1993,9,-1.001
Carbon D(O18/O16),1993,10,-1.096
Carbon D(O18/O16),1993,11,-0.962
Carbon D(O18/O16),1993,12,-0.753
Carbon D(O18/O16),1994,1,-0.549
Carbon D(O18/O16),1994,2,-0.399
Carbon D(O18/O16),1994,3,-0.239
Carbon D(O18/O16),1994,4,-0.084
Carbon D(O18/O16),1994,5,-0.08
Carbon D(O18/O16),1994,6,-0.189
Carbon D(O18/O16),1994,7,-0.349
Carbon D(O18/O16),1994,8,-0.72
Carbon D(O18/O16),1994,9,-1.095
Carbon D(O18/O16),1994,10,-1.203
Carbon D(O18/O16),1994,11,-1.171
Carbon D(O18/O16),1994,12,-1.08
Carbon D(O18/O16),1995,1,-0.877
Carbon D(O18/O16),1995,2,-0.634
Carbon D(O18/O16),1995,3,-0.407
Carbon D(O18/O16),1995,4,-0.241
Carbon D(O18/O16),1995,5,-0.237
Carbon D(O18/O16),1995,6,-0.276
Carbon D(O18/O16),1995,7,-0.333
Carbon D(O18/O16),1995,8,-0.629
Carbon D(O18/O16),1995,9,-0.982
Carbon D(O18/O16),1995,10,-1.175
Carbon D(O18/O16),1995,11,-1.185
Carbon D(O18/O16),1995,12,-1.068
Carbon D(O18/O16),1996,1,-0.82
Carbon D(O18/O16),1996,2,-0.596
Carbon D(O18/O16),1996,3,-0.463
Carbon D(O18/O16),1996,4,-0.391
Carbon D(O18/O16),1996,5,-0.399
Carbon D(O18/O16),1996,6,-0.36
Carbon D(O18/O16),1996,7,-0.372
Carbon D(O18/O16),1996,8,-0.737
Carbon D(O18/O16),1996,9,-1.237
Carbon D(O18/O16),1996,10,-1.421
Carbon D(O18/O16),1996,11,-1.329
Carbon D(O18/O16),1996,12,-1.108
Carbon D(O18/O16),1997,1,-0.848
Carbon D(O18/O16),1997,2,-0.649
Carbon D(O18/O16),1997,3,-0.444
Carbon D(O18/O16),1997,4,-0.326
Carbon D(O18/O16),1997,5,-0.396
Carbon D(O18/O16),1997,6,-0.538
Carbon D(O18/O16),1997,7,-0.725
Carbon D(O18/O16),1997,8,-1.067
Carbon D(O18/O16),1997,9,-1.402
Carbon D(O18/O16),1997,10,-1.367
Carbon D(O18/O16),1997,11,-1.126
Carbon D(O18/O16),1997,12,-0.852
Carbon D(O18/O16),1998,1,-0.647
Carbon D(O18/O16),1998,2,-0.551
Carbon D(O18/O16),1998,3,-0.446
Carbon D(O18/O16),1998,4,-0.351
Carbon D(O18/O16),1998,5,-0.398
Carbon D(O18/O16),1998,6,-0.544
Carbon D(O18/O16),1998,7,-0.771
Carbon D(O18/O16),1998,8,-1.185
Carbon D(O18/O16),1998,9,-1.499
Carbon D(O18/O16),1998,10,-1.462
Carbon D(O18/O16),1998,11,-1.276
Carbon D(O18/O16),1998,12,-1.111
Carbon D(O18/O16),1999,1,-0.947
Carbon D(O18/O16),1999,2,-0.749
Carbon D(O18/O16),1999,3,-0.478
Carbon D(O18/O16),1999,4,-0.284
Carbon D(O18/O16),1999,5,-0.328
Carbon D(O18/O16),1999,6,-0.427
Carbon D(O18/O16),1999,7,-0.504
Carbon D(O18/O16),1999,8,-0.782
Carbon D(O18/O16),1999,9,-1.122
Carbon D(O18/O16),1999,10,-1.242
Carbon D(O18/O16),1999,11,-1.217
Carbon D(O18/O16),1999,12,-1.08
Carbon D(O18/O16),2000,1,-0.821
Carbon D(O18/O16),2000,2,-0.563
Carbon D(O18/O16),2000,3,-0.388
Carbon D(O18/O16),2000,4,-0.315
Carbon D(O18/O16),2000,5,-0.39
Carbon D(O18/O16),2000,6,-0.447
Carbon D(O18/O16),2000,7,-0.519
Carbon D(O18/O16),2000,8,-0.851
Carbon D(O18/O16),2000,9,-1.187
Carbon D(O18/O16),2000,10,-1.227
Carbon D(O18/O16),2000,11,-1.015
Carbon D(O18/O16),2000,12,-0.786
Carbon D(O18/O16),2001,1,-0.586
Carbon D(O18/O16),2001,2,-0.48
Carbon D(O18/O16),2001,3,-0.38
Carbon D(O18/O16),2001,4,-0.259
Carbon D(O18/O16),2001,5,-0.24
Carbon D(O18/O16),2001,6,-0.252
Carbon D(O18/O16),2001,7,-0.33
Carbon D(O18/O16),2001,8,-0.657
Carbon D(O18/O16),2001,9,-0.997
Carbon D(O18/O16),2001,10,-1.105
Carbon D(O18/O16),2001,11,-1.018
Carbon D(O18/O16),2001,12,-0.848
Carbon D(O18/O16),2002,1,-0.626
Carbon D(O18/O16),2002,2,-0.45
Carbon D(O18/O16),2002,3,-0.28
Carbon D(O18/O16),2002,4,-0.105
Carbon D(O18/O16),2002,5,-0.038
Carbon D(O18/O16),2002,6,-0.05
Carbon D(O18/O16),2002,7,-0.242
Carbon D(O18/O16),2002,8,-0.763
Carbon D(O18/O16),2002,9,-1.215
Carbon D(O18/O16),2002,10,-1.173
Carbon D(O18/O16),2002,11,-0.878
Carbon D(O18/O16),2002,12,-0.612
Carbon D(O18/O16),2003,1,-0.488
Carbon D(O18/O16),2003,2,-0.446
Carbon D(O18/O16),2003,3,-0.306
Carbon D(O18/O16),2003,4,-0.11
Carbon D(O18/O16),2003,5,-0.047
Carbon D(O18/O16),2003,6,-0.054
Carbon D(O18/O16),2003,7,-0.161
Carbon D(O18/O16),2003,8,-0.499
Carbon D(O18/O16),2003,9,-0.935
Carbon D(O18/O16),2003,10,-1.107
Carbon D(O18/O16),2003,11,-1.073
Carbon D(O18/O16),2003,12,-0.931
Carbon D(O18/O16),2004,1,-0.699
Carbon D(O18/O16),2004,2,-0.484
Carbon D(O18/O16),2004,3,-0.249
Carbon D(O18/O16),2004,4,-0.079
Carbon D(O18/O16),2004,5,-0.085
Carbon D(O18/O16),2004,6,-0.141
Carbon D(O18/O16),2004,7,-0.25
Carbon D(O18/O16),2004,8,-0.621
Carbon D(O18/O16),2004,9,-1.012
Carbon D(O18/O16),2004,10,-1.091
Carbon D(O18/O16),2004,11,-0.971
Carbon D(O18/O16),2004,12,-0.771
Carbon D(O18/O16),2005,1,-0.528
Carbon D(O18/O16),2005,2,-0.326
Carbon D(O18/O16),2005,3,-0.173
Carbon D(O18/O16),2005,4,-0.067
Carbon D(O18/O16),2005,5,-0.079
Carbon D(O18/O16),2005,6,-0.147
Carbon D(O18/O16),2005,7,-0.326
Carbon D(O18/O16),2005,8,-0.854
Carbon D(O18/O16),2005,9,-1.377
Carbon D(O18/O16),2005,10,-1.412
Carbon D(O18/O16),2005,11,-1.131
Carbon D(O18/O16),2005,12,-0.852
Carbon D(O18/O16),2006,1,-0.615
Carbon D(O18/O16),2006,2,-0.459
Carbon D(O18/O16),2006,3,-0.323
Carbon D(O18/O16),2006,4,-0.226
Carbon D(O18/O16),2006,5,-0.284
Carbon D(O18/O16),2006,6,-0.395
Carbon D(O18/O16),2006,7,-0.569
Carbon D(O18/O16),2006,8,-1.006
Carbon D(O18/O16),2006,9,-1.419
Carbon D(O18/O16),2006,10,-1.509
Carbon D(O18/O16),2006,11,-1.292
Carbon D(O18/O16),2006,12,-1.009
Carbon D(O18/O16),2007,1,-0.718
Carbon D(O18/O16),2007,2,-0.534
Carbon D(O18/O16),2007,3,-0.406
Carbon D(O18/O16),2007,4,-0.29
Carbon D(O18/O16),2007,5,-0.288
Carbon D(O18/O16),2007,6,-0.313
Carbon D(O18/O16),2007,7,-0.414
Carbon D(O18/O16),2007,8,-0.768
Carbon D(O18/O16),2007,9,-1.093
Carbon D(O18/O16),2007,10,-1.107
Carbon D(O18/O16),2007,11,-0.911
Carbon D(O18/O16),2007,12,-0.743
Carbon D(O18/O16),2008,1,-0.639
Carbon D(O18/O16),2008,2,-0.574
Carbon D(O18/O16),2008,3,-0.439
Carbon D(O18/O16),2008,4,-0.313
Carbon D(O18/O16),2008,5,-0.326
Carbon D(O18/O16),2008,6,-0.342
Carbon D(O18/O16),2008,7,-0.36
Carbon D(O18/O16),2008,8,-0.601
Carbon D(O18/O16),2008,9,-1.015
Carbon D(O18/O16),2008,10,-1.263
Carbon D(O18/O16),2008,11,-1.304
Carbon D(O18/O16),2008,12,-1.177
Carbon D(O18/O16),2009,1,-0.919
Carbon D(O18/O16),2009,2,-0.696
Carbon D(O18/O16),2009,3,-0.471
Carbon D(O18/O16),2009,4,-0.293
Carbon D(O18/O16),2009,5,-0.273
Carbon D(O18/O16),2009,6,-0.342
Carbon D(O18/O16),2009,7,-0.519
Carbon D(O18/O16),2009,8,-0.942
Carbon D(O18/O16),2009,9,-1.303
Carbon D(O18/O16),2009,10,-1.306
Carbon D(O18/O16),2009,11,-1.134
Carbon D(O18/O16),2009,12,-0.972
Carbon D(O18/O16),2010,1,-0.844
Carbon D(O18/O16),2010,2,-0.726
Carbon D(O18/O16),2010,3,-0.545
Carbon D(O18/O16),2010,4,-0.39
Carbon D(O18/O16),2010,5,-0.477
Carbon D(O18/O16),2010,6,-0.715
Carbon D(O18/O16),2010,7,-0.976
Carbon D(O18/O16),2010,8,-1.351
Carbon D(O18/O16),2010,9,-1.579
Carbon D(O18/O16),2010,10,-1.508
Carbon D(O18/O16),2010,11,-1.358
Carbon D(O18/O16),2010,12,-1.233
Carbon D(O18/O16),2011,1,-1.023
Carbon D(O18/O16),2011,2,-0.761
Carbon D(O18/O16),2011,3,-0.539
Carbon D(O18/O16),2011,4,-0.417
Carbon D(O18/O16),2011,5,-0.465
Carbon D(O18/O16),2011,6,-0.526
Carbon D(O18/O16),2011,7,-0.587
Carbon D(O18/O16),2011,8,-0.904
Carbon D(O18/O16),2011,9,-1.304
Carbon D(O18/O16),2011,10,-1.429
Carbon D(O18/O16),2011,11,-1.342
Carbon D(O18/O16),2011,12,-1.16
Carbon D(O18/O16),2012,1,-0.876
Carbon D(O18/O16),2012,2,-0.627
Carbon D(O18/O16),2012,3,-0.477
Carbon D(O18/O16),2012,4,-0.434
Carbon D(O18/O16),2012,5,-0.52
Carbon D(O18/O16),2012,6,-0.517
Carbon D(O18/O16),2012,7,-0.435
Carbon D(O18/O16),2012,8,-0.582
Carbon D(O18/O16),2012,9,-0.862
Carbon D(O18/O16),2012,10,-1.04
Carbon D(O18/O16),2012,11,-1.066
Carbon D(O18/O16),2012,12,-0.966
Carbon D(O18/O16),2013,1,-0.75
Carbon D(O18/O16),2013,2,-0.546
Carbon D(O18/O16),2013,3,-0.37
Carbon D(O18/O16),2013,4,-0.294
Carbon D(O18/O16),2013,5,-0.405
Carbon D(O18/O16),2013,6,-0.477
Carbon D(O18/O16),2013,7,-0.474
Carbon D(O18/O16),2013,8,-0.689
Carbon D(O18/O16),2013,9,-1.095
Carbon D(O18/O16),2013,10,-1.342
Carbon D(O18/O16),2013,11,-1.358
Carbon D(O18/O16),2013,12,-1.182
Carbon D(O18/O16),2014,1,-0.903
Carbon D(O18/O16),2014,2,-0.7
Carbon D(O18/O16),2014,3,-0.508
Carbon D(O18/O16),2014,4,-0.356
Carbon D(O18/O16),2014,5,-0.338
Carbon D(O18/O16),2014,6,-0.367
Carbon D(O18/O16),2014,7,-0.469
Carbon D(O18/O16),2014,8,-0.774
Carbon D(O18/O16),2014,9,-1.133
Carbon D(O18/O16),2014,10,-1.21
Carbon D(O18/O16),2014,11,-1.116
Carbon D(O18/O16),2014,12,-0.967
Carbon Dioxide,1971,5,332.35
Carbon Dioxide,1971,6,330.28
Carbon Dioxide,1971,7,323.78
Carbon Dioxide,1971,8,317.71
Carbon Dioxide,1971,9,318.74
Carbon Dioxide,1971,10,322.79
Carbon Dioxide,1971,11,327.23
Carbon Dioxide,1971,12,331.04
Carbon Dioxide,1972,1,333.49
Carbon Dioxide,1972,2,334.18
Carbon Dioxide,1972,3,334.12
Carbon Dioxide,1972,4,334.53
Carbon Dioxide,1972,5,335.61
Carbon Dioxide,1972,6,333.55
Carbon Dioxide,1972,7,324.88
Carbon Dioxide,1972,8,318.78
Carbon Dioxide,1972,9,321.87
Carbon Dioxide,1972,10,327.08
Carbon Dioxide,1972,11,330.51
Carbon Dioxide,1972,12,333.37
Carbon Dioxide,1973,1,334.67
Carbon Dioxide,1973,2,335.35
Carbon Dioxide,1973,3,336.45
Carbon Dioxide,1973,4,336.94
Carbon Dioxide,1973,5,336.54
Carbon Dioxide,1973,6,334.28
Carbon Dioxide,1973,7,327.83
Carbon Dioxide,1973,8,322.3
Carbon Dioxide,1973,9,323.49
Carbon Dioxide,1973,10,328.36
Carbon Dioxide,1973,11,331.93
Carbon Dioxide,1973,12,334.92
Carbon Dioxide,1974,1,337.09
Carbon Dioxide,1974,2,337.72
Carbon Dioxide,1974,3,337.81
Carbon Dioxide,1974,4,337.55
Carbon Dioxide,1974,5,338.73
Carbon Dioxide,1974,6,338.42
Carbon Dioxide,1974,7,330.93
Carbon Dioxide,1974,8,323.22
Carbon Dioxide,1974,9,324.12
Carbon Dioxide,1974,10,329.29
Carbon Dioxide,1974,11,333.09
Carbon Dioxide,1974,12,335.66
Carbon Dioxide,1975,1,336.62
Carbon Dioxide,1975,2,336.47
Carbon Dioxide,1975,3,336.42
Carbon Dioxide,1975,4,336.58
Carbon Dioxide,1975,5,336.29
Carbon Dioxide,1975,6,334.33
Carbon Dioxide,1975,7,329.28
Carbon Dioxide,1975,8,324.58
Carbon Dioxide,1975,9,324.85
Carbon Dioxide,1975,10,329.3
Carbon Dioxide,1975,11,333.31
Carbon Dioxide,1975,12,336.22
Carbon Dioxide,1976,1,337.44
Carbon Dioxide,1976,2,337.83
Carbon Dioxide,1976,3,338.45
Carbon Dioxide,1976,4,338.77
Carbon Dioxide,1976,5,337.99
Carbon Dioxide,1976,6,335.56
Carbon Dioxide,1976,7,330.4
Carbon Dioxide,1976,8,324.73
Carbon Dioxide,1976,9,325.2
Carbon Dioxide,1976,10,329.27
Carbon Dioxide,1976,11,333.2
Carbon Dioxide,1976,12,336.16
Carbon Dioxide,1977,1,337.63
Carbon Dioxide,1977,2,337.71
Carbon Dioxide,1977,3,338.35
Carbon Dioxide,1977,4,339.32
Carbon Dioxide,1977,5,339.66
Carbon Dioxide,1977,6,337.6
Carbon Dioxide,1977,7,332.01
Carbon Dioxide,1977,8,326.54
Carbon Dioxide,1977,9,326.41
Carbon Dioxide,1977,10,330.05
Carbon Dioxide,1977,11,334.54
Carbon Dioxide,1977,12,337.36
Carbon Dioxide,1978,1,339.86
Carbon Dioxide,1978,2,341.09
Carbon Dioxide,1978,3,341.01
Carbon Dioxide,1978,4,341.06
Carbon Dioxide,1978,5,340.97
Carbon Dioxide,1978,6,339.34
Carbon Dioxide,1978,7,333.09
Carbon Dioxide,1978,8,327.12
Carbon Dioxide,1978,9,327.45
Carbon Dioxide,1978,10,332.57
Carbon Dioxide,1978,11,337.21
Carbon Dioxide,1978,12,338.9
Carbon Dioxide,1979,1,339.98
Carbon Dioxide,1979,2,341.19
Carbon Dioxide,1979,3,342.05
Carbon Dioxide,1979,4,342.34
Carbon Dioxide,1979,5,343.28
Carbon Dioxide,1979,6,341.78
Carbon Dioxide,1979,7,333.52
Carbon Dioxide,1979,8,327.12
Carbon Dioxide,1979,9,328.57
Carbon Dioxide,1979,10,333.95
Carbon Dioxide,1979,11,337.53
Carbon Dioxide,1979,12,338.79
Carbon Dioxide,1980,1,341.11
Carbon Dioxide,1980,2,342.76
Carbon Dioxide,1980,3,343.48
Carbon Dioxide,1980,4,344.64
Carbon Dioxide,1980,5,345.38
Carbon Dioxide,1980,6,342.93
Carbon Dioxide,1980,7,337.25
Carbon Dioxide,1980,8,332.58
Carbon Dioxide,1980,9,332.81
Carbon Dioxide,1980,10,337.16
Carbon Dioxide,1980,11,340.42
Carbon Dioxide,1980,12,343.14
Carbon Dioxide,1981,1,344.92
Carbon Dioxide,1981,2,345.51
Carbon Dioxide,1981,3,345.64
Carbon Dioxide,1981,4,346.13
Carbon Dioxide,1981,5,346.69
Carbon Dioxide,1981,6,343.91
Carbon Dioxide,1981,7,336.42
Carbon Dioxide,1981,8,331.05
Carbon Dioxide,1981,9,333.33
Carbon Dioxide,1981,10,338.47
Carbon Dioxide,1981,11,342.26
Carbon Dioxide,1981,12,344.73
Carbon Dioxide,1982,1,346.15
Carbon Dioxide,1982,2,347.13
Carbon Dioxide,1982,3,347.7
Carbon Dioxide,1982,4,347.48
Carbon Dioxide,1982,5,347.54
Carbon Dioxide,1982,6,345.13
Carbon Dioxide,1982,7,339.47
Carbon Dioxide,1982,8,333.37
Carbon Dioxide,1982,9,333.1
Carbon Dioxide,1982,10,337.82
Carbon Dioxide,1982,11,342.5
Carbon Dioxide,1982,12,345.12
Carbon Dioxide,1983,1,346.76
Carbon Dioxide,1983,2,347.41
Carbon Dioxide,1983,3,347.85
Carbon Dioxide,1983,4,348.06
Carbon Dioxide,1983,5,348.46
Carbon Dioxide,1983,6,346.91
Carbon Dioxide,1983,7,340.96
Carbon Dioxide,1983,8,334.12
Carbon Dioxide,1983,9,334.06
Carbon Dioxide,1983,10,340.63
Carbon Dioxide,1983,11,345.82
Carbon Dioxide,1983,12,347.23
Carbon Dioxide,1984,1,349.15
Carbon Dioxide,1984,2,350.55
Carbon Dioxide,1984,3,350.11
Carbon Dioxide,1984,4,349.83
Carbon Dioxide,1984,5,350.5
Carbon Dioxide,1984,6,348.73
Carbon Dioxide,1984,7,341.61
Carbon Dioxide,1984,8,335.92
Carbon Dioxide,1984,9,337.16
Carbon Dioxide,1984,10,341.46
Carbon Dioxide,1984,11,344.88
Carbon Dioxide,1984,12,348.17
Carbon Dioxide,1985,1,349.59
Carbon Dioxide,1985,2,349.52
Carbon Dioxide,1985,3,350.47
Carbon Dioxide,1985,4,351.87
Carbon Dioxide,1985,5,352.38
Carbon Dioxide,1985,6,350.39
Carbon Dioxide,1985,7,343.85
Carbon Dioxide,1985,8,337.35
Carbon Dioxide,1985,9,338.5
Carbon Dioxide,1985,10,344.1
Carbon Dioxide,1985,11,347.43
Carbon Dioxide,1985,12,349.02
Carbon Dioxide,1986,1,350.8
Carbon Dioxide,1986,2,352.85
Carbon Dioxide,1986,3,353.56
Carbon Dioxide,1986,4,353.24
Carbon Dioxide,1986,5,353.3
Carbon Dioxide,1986,6,350.58
Carbon Dioxide,1986,7,343.47
Carbon Dioxide,1986,8,338.78
Carbon Dioxide,1986,9,341.95
Carbon Dioxide,1986,10,347.6
Carbon Dioxide,1986,11,350.2
Carbon Dioxide,1986,12,352.16
Carbon Dioxide,1987,1,353.27
Carbon Dioxide,1987,2,353.78
Carbon Dioxide,1987,3,354.29
Carbon Dioxide,1987,4,354.58
Carbon Dioxide,1987,5,355.22
Carbon Dioxide,1987,6,353.16
Carbon Dioxide,1987,7,346.18
Carbon Dioxide,1987,8,340.36
Carbon Dioxide,1987,9,341.42
Carbon Dioxide,1987,10,345.73
Carbon Dioxide,1987,11,349.87
Carbon Dioxide,1987,12,353.14
Carbon Dioxide,1988,1,355.8
Carbon Dioxide,1988,2,357.22
Carbon Dioxide,1988,3,357.54
Carbon Dioxide,1988,4,358.04
Carbon Dioxide,1988,5,357.87
Carbon Dioxide,1988,6,354.87
Carbon Dioxide,1988,7,348.57
Carbon Dioxide,1988,8,343.53
Carbon Dioxide,1988,9,345.64
Carbon Dioxide,1988,10,351.05
Carbon Dioxide,1988,11,355.44
Carbon Dioxide,1988,12,358.33
Carbon Dioxide,1989,1,359.26
Carbon Dioxide,1989,2,358.92
Carbon Dioxide,1989,3,360.02
Carbon Dioxide,1989,4,360.36
Carbon Dioxide,1989,5,359.73
Carbon Dioxide,1989,6,358.53
Carbon Dioxide,1989,7,350.57
Carbon Dioxide,1989,8,342.8
Carbon Dioxide,1989,9,344.89
Carbon Dioxide,1989,10,351.41
Carbon Dioxide,1989,11,356.39
Carbon Dioxide,1989,12,359.46
Carbon Dioxide,1990,1,360.78
Carbon Dioxide,1990,2,361.31
Carbon Dioxide,1990,3,361.9
Carbon Dioxide,1990,4,361.82
Carbon Dioxide,1990,5,361.57
Carbon Dioxide,1990,6,357.56
Carbon Dioxide,1990,7,349.23
Carbon Dioxide,1990,8,344.72
Carbon Dioxide,1990,9,346.76
Carbon Dioxide,1990,10,352.56
Carbon Dioxide,1990,11,356.89
Carbon Dioxide,1990,12,360.13
Carbon Dioxide,1991,1,361.93
Carbon Dioxide,1991,2,361.87
Carbon Dioxide,1991,3,362.28
Carbon Dioxide,1991,4,362.32
Carbon Dioxide,1991,5,362.02
Carbon Dioxide,1991,6,360.61
Carbon Dioxide,1991,7,354.22
Carbon Dioxide,1991,8,347.03
Carbon Dioxide,1991,9,348.35
Carbon Dioxide,1991,10,355.08
Carbon Dioxide,1991,11,358.58
Carbon Dioxide,1991,12,360.58
Carbon Dioxide,1992,1,362.03
Carbon Dioxide,1992,2,362.19
Carbon Dioxide,1992,3,362.56
Carbon Dioxide,1992,4,362.93
Carbon Dioxide,1992,5,362.77
Carbon Dioxide,1992,6,360.64
Carbon Dioxide,1992,7,353.85
Carbon Dioxide,1992,8,347.38
Carbon Dioxide,1992,9,348.57
Carbon Dioxide,1992,10,353
Carbon Dioxide,1992,11,357.06
Carbon Dioxide,1992,12,361
Carbon Dioxide,1993,1,362.66
Carbon Dioxide,1993,2,362.81
Carbon Dioxide,1993,3,363.47
Carbon Dioxide,1993,4,363.85
Carbon Dioxide,1993,5,363.59
Carbon Dioxide,1993,6,359.69
Carbon Dioxide,1993,7,352.32
Carbon Dioxide,1993,8,348.06
Carbon Dioxide,1993,9,350.11
Carbon Dioxide,1993,10,354.27
Carbon Dioxide,1993,11,358.74
Carbon Dioxide,1993,12,361.43
Carbon Dioxide,1994,1,362.79
Carbon Dioxide,1994,2,364.42
Carbon Dioxide,1994,3,365.04
Carbon Dioxide,1994,4,364.33
Carbon Dioxide,1994,5,364.55
Carbon Dioxide,1994,6,362.19
Carbon Dioxide,1994,7,354.37
Carbon Dioxide,1994,8,348.19
Carbon Dioxide,1994,9,350.71
Carbon Dioxide,1994,10,356.65
Carbon Dioxide,1994,11,361.77
Carbon Dioxide,1994,12,364.43
Carbon Dioxide,1995,1,365.82
Carbon Dioxide,1995,2,366.82
Carbon Dioxide,1995,3,366.73
Carbon Dioxide,1995,4,366.48
Carbon Dioxide,1995,5,366.32
Carbon Dioxide,1995,6,363.79
Carbon Dioxide,1995,7,356.54
Carbon Dioxide,1995,8,351.57
Carbon Dioxide,1995,9,353.22
Carbon Dioxide,1995,10,358.15
Carbon Dioxide,1995,11,363.68
Carbon Dioxide,1995,12,366.16
Carbon Dioxide,1996,1,366.98
Carbon Dioxide,1996,2,368.32
Carbon Dioxide,1996,3,368.19
Carbon Dioxide,1996,4,368.28
Carbon Dioxide,1996,5,369.64
Carbon Dioxide,1996,6,368.4
Carbon Dioxide,1996,7,362.07
Carbon Dioxide,1996,8,354.88
Carbon Dioxide,1996,9,355.66
Carbon Dioxide,1996,10,361.2
Carbon Dioxide,1996,11,363.81
Carbon Dioxide,1996,12,366.35
Carbon Dioxide,1997,1,369.07
Carbon Dioxide,1997,2,369.38
Carbon Dioxide,1997,3,369.01
Carbon Dioxide,1997,4,369.82
Carbon Dioxide,1997,5,370.74
Carbon Dioxide,1997,6,368.06
Carbon Dioxide,1997,7,359.24
Carbon Dioxide,1997,8,354.68
Carbon Dioxide,1997,9,357.76
Carbon Dioxide,1997,10,362.23
Carbon Dioxide,1997,11,365.74
Carbon Dioxide,1997,12,368.05
Carbon Dioxide,1998,1,369.28
Carbon Dioxide,1998,2,370.45
Carbon Dioxide,1998,3,371.16
Carbon Dioxide,1998,4,371.1
Carbon Dioxide,1998,5,371.75
Carbon Dioxide,1998,6,369.99
Carbon Dioxide,1998,7,362.54
Carbon Dioxide,1998,8,357.35
Carbon Dioxide,1998,9,360.07
Carbon Dioxide,1998,10,364.86
Carbon Dioxide,1998,11,369.12
Carbon Dioxide,1998,12,373.05
Carbon Dioxide,1999,1,374.25
Carbon Dioxide,1999,2,373.89
Carbon Dioxide,1999,3,374.25
Carbon Dioxide,1999,4,374.74
Carbon Dioxide,1999,5,375.51
Carbon Dioxide,1999,6,372.39
Carbon Dioxide,1999,7,364.53
Carbon Dioxide,1999,8,359.12
Carbon Dioxide,1999,9,360.48
Carbon Dioxide,1999,10,365.45
Carbon Dioxide,1999,11,371.45
Carbon Dioxide,1999,12,373.91
Carbon Dioxide,2000,1,375.08
Carbon Dioxide,2000,2,375.75
Carbon Dioxide,2000,3,375.17
Carbon Dioxide,2000,4,375.4
Carbon Dioxide,2000,5,376.47
Carbon Dioxide,2000,6,373.78
Carbon Dioxide,2000,7,365.71
Carbon Dioxide,2000,8,360.02
Carbon Dioxide,2000,9,361.82
Carbon Dioxide,2000,10,366.89
Carbon Dioxide,2000,11,370.88
Carbon Dioxide,2000,12,373.49
Carbon Dioxide,2001,1,375.34
Carbon Dioxide,2001,2,376.32
Carbon Dioxide,2001,3,376.91
Carbon Dioxide,2001,4,377.43
Carbon Dioxide,2001,5,377.69
Carbon Dioxide,2001,6,375.18
Carbon Dioxide,2001,7,366.87
Carbon Dioxide,2001,8,361.08
Carbon Dioxide,2001,9,363.13
Carbon Dioxide,2001,10,368.64
Carbon Dioxide,2001,11,373.19
Carbon Dioxide,2001,12,376.59
Carbon Dioxide,2002,1,378.05
Carbon Dioxide,2002,2,378.18
Carbon Dioxide,2002,3,378.97
Carbon Dioxide,2002,4,379
Carbon Dioxide,2002,5,378.52
Carbon Dioxide,2002,6,376.98
Carbon Dioxide,2002,7,370.09
Carbon Dioxide,2002,8,363.4
Carbon Dioxide,2002,9,365.77
Carbon Dioxide,2002,10,371.68
Carbon Dioxide,2002,11,375.38
Carbon Dioxide,2002,12,377.89
Carbon Dioxide,2003,1,379.76
Carbon Dioxide,2003,2,381.92
Carbon Dioxide,2003,3,382.27
Carbon Dioxide,2003,4,381.56
Carbon Dioxide,2003,5,382.23
Carbon Dioxide,2003,6,379.8
Carbon Dioxide,2003,7,371.75
Carbon Dioxide,2003,8,366.79
Carbon Dioxide,2003,9,368.55
Carbon Dioxide,2003,10,373.53
Carbon Dioxide,2003,11,378.69
Carbon Dioxide,2003,12,382.19
Carbon Dioxide,2004,1,382.88
Carbon Dioxide,2004,2,382.62
Carbon Dioxide,2004,3,382.66
Carbon Dioxide,2004,4,383.71
Carbon Dioxide,2004,5,384.08
Carbon Dioxide,2004,6,379.88
Carbon Dioxide,2004,7,371.88
Carbon Dioxide,2004,8,366.59
Carbon Dioxide,2004,9,368.72
Carbon Dioxide,2004,10,373.77
Carbon Dioxide,2004,11,378.85
Carbon Dioxide,2004,12,381.86
Carbon Dioxide,2005,1,383.76
Carbon Dioxide,2005,2,385.1
Carbon Dioxide,2005,3,385.45
Carbon Dioxide,2005,4,385.51
Carbon Dioxide,2005,5,385.54
Carbon Dioxide,2005,6,383.17
Carbon Dioxide,2005,7,376.2
Carbon Dioxide,2005,8,369.8
Carbon Dioxide,2005,9,372.5
Carbon Dioxide,2005,10,378.48
Carbon Dioxide,2005,11,382.98
Carbon Dioxide,2005,12,385.73
Carbon Dioxide,2006,1,386.58
Carbon Dioxide,2006,2,387.21
Carbon Dioxide,2006,3,387.59
Carbon Dioxide,2006,4,387.48
Carbon Dioxide,2006,5,388.49
Carbon Dioxide,2006,6,387.16
Carbon Dioxide,2006,7,378.91
Carbon Dioxide,2006,8,372.81
Carbon Dioxide,2006,9,376.76
Carbon Dioxide,2006,10,382.95
Carbon Dioxide,2006,11,385.03
Carbon Dioxide,2006,12,387.85
Carbon Dioxide,2007,1,389.57
Carbon Dioxide,2007,2,388.82
Carbon Dioxide,2007,3,389.62
Carbon Dioxide,2007,4,390.34
Carbon Dioxide,2007,5,389.9
Carbon Dioxide,2007,6,386.55
Carbon Dioxide,2007,7,378.21
Carbon Dioxide,2007,8,373.57
Carbon Dioxide,2007,9,376.02
Carbon Dioxide,2007,10,380.73
Carbon Dioxide,2007,11,385.12
Carbon Dioxide,2007,12,388.97
Carbon Dioxide,2008,1,391.53
Carbon Dioxide,2008,2,392.97
Carbon Dioxide,2008,3,393.29
Carbon Dioxide,2008,4,393.32
Carbon Dioxide,2008,5,393.01
Carbon Dioxide,2008,6,389.32
Carbon Dioxide,2008,7,381.77
Carbon Dioxide,2008,8,376.57
Carbon Dioxide,2008,9,377.49
Carbon Dioxide,2008,10,382.21
Carbon Dioxide,2008,11,387.03
Carbon Dioxide,2008,12,391.63
Carbon Dioxide,2009,1,393
Carbon Dioxide,2009,2,392.77
Carbon Dioxide,2009,3,393.66
Carbon Dioxide,2009,4,394.59
Carbon Dioxide,2009,5,394.17
Carbon Dioxide,2009,6,391.59
Carbon Dioxide,2009,7,383.8
Carbon Dioxide,2009,8,376.49
Carbon Dioxide,2009,9,378.95
Carbon Dioxide,2009,10,383.91
Carbon Dioxide,2009,11,387.68
Carbon Dioxide,2009,12,392.32
Carbon Dioxide,2010,1,394.31
Carbon Dioxide,2010,2,394.16
Carbon Dioxide,2010,3,394.93
Carbon Dioxide,2010,4,396.13
Carbon Dioxide,2010,5,395.7
Carbon Dioxide,2010,6,392.5
Carbon Dioxide,2010,7,385.45
Carbon Dioxide,2010,8,379.87
Carbon Dioxide,2010,9,383.28
Carbon Dioxide,2010,10,388.22
Carbon Dioxide,2010,11,392.78
Carbon Dioxide,2010,12,397.06
Carbon Dioxide,2011,1,397.76
Carbon Dioxide,2011,2,397.52
Carbon Dioxide,2011,3,398.47
Carbon Dioxide,2011,4,398.84
Carbon Dioxide,2011,5,398.26
Carbon Dioxide,2011,6,394.53
Carbon Dioxide,2011,7,386.03
Carbon Dioxide,2011,8,380.1
Carbon Dioxide,2011,9,383.69
Carbon Dioxide,2011,10,389.67
Carbon Dioxide,2011,11,394.59
Carbon Dioxide,2011,12,397.61
Carbon Dioxide,2012,1,398.96
Carbon Dioxide,2012,2,399.03
Carbon Dioxide,2012,3,399.07
Carbon Dioxide,2012,4,400.12
Carbon Dioxide,2012,5,400.93
Carbon Dioxide,2012,6,397.35
Carbon Dioxide,2012,7,387.39
Carbon Dioxide,2012,8,381.51
Carbon Dioxide,2012,9,385.82
Carbon Dioxide,2012,10,393.71
Carbon Dioxide,2012,11,397.99
Carbon Dioxide,2012,12,399.22
Carbon Dioxide,2013,1,400.19
Carbon Dioxide,2013,2,402.01
Carbon Dioxide,2013,3,402.91
Carbon Dioxide,2013,4,402.57
Carbon Dioxide,2013,5,403.11
Carbon Dioxide,2013,6,400.19
Carbon Dioxide,2013,7,392.09
Carbon Dioxide,2013,8,387.35
Carbon Dioxide,2013,9,389.09
Carbon Dioxide,2013,10,394.64
Carbon Dioxide,2013,11,399.55
Carbon Dioxide,2013,12,402.1
Carbon Dioxide,2014,1,403.28
Carbon Dioxide,2014,2,404.69
Carbon Dioxide,2014,3,405.14
Carbon Dioxide,2014,4,405.23
Carbon Dioxide,2014,5,405.56
Carbon Dioxide,2014,6,402.62
Carbon Dioxide,2014,7,394.97
Carbon Dioxide,2014,8,389.22
Carbon Dioxide,2014,9,389.77
Carbon Dioxide,2014,10,395.18
Carbon Dioxide,2014,11,400.91
Carbon Dioxide,2014,12,404.46
Carbon Dioxide,2015,1,405.5
Carbon Dioxide,2015,2,406.84
Carbon Dioxide,2015,3,407.32
Carbon Dioxide,2015,4,407.17
Carbon Dioxide,2015,5,407.32
Carbon Dioxide,2015,6,402.99
Carbon Dioxide,2015,7,394.09
Carbon Dioxide,2015,8,390.11
Carbon Dioxide,2015,9,392.72
Carbon Dioxide,2015,10,397.61
Carbon Dioxide,2015,11,403.63
Carbon Dioxide,2015,12,407.64
Carbon Dioxide,2016,1,408.63
Carbon Dioxide,2016,2,408.42
Carbon Dioxide,2016,3,408.85
Carbon Dioxide,2016,4,409.33
Carbon Dioxide,2016,5,409.42
Carbon Dioxide,2016,6,406.3
Carbon Dioxide,2016,7,398.35
Carbon Dioxide,2016,8,392.64
Carbon Dioxide,2016,9,397.21
Carbon Dioxide,2016,10,404.6
Carbon Dioxide,2016,11,407.93
Carbon Dioxide,2016,12,410.48
Carbon Dioxide,2017,1,412.99
Carbon Dioxide,2017,2,414.05
Carbon Dioxide,2017,3,414.21
Carbon Dioxide,2017,4,413.64
Carbon Dioxide,2017,5,413.3
Carbon Dioxide,2017,6,410.33
Carbon Dioxide,2017,7,402.01
Carbon Dioxide,2017,8,396.01
Carbon Dioxide,2017,9,397.38
Carbon Dioxide,2017,10,403.95
Carbon Dioxide,2017,11,409.74
Carbon Dioxide,2017,12,411.59
Carbon Dioxide,2018,1,412.69
Carbon Dioxide,2018,2,413.77
Carbon Dioxide,2018,3,414.6
Carbon Dioxide,2018,4,415.7
Carbon Dioxide,2018,5,416.3
Carbon Dioxide,2018,6,413.5
Carbon Dioxide,2018,7,404.84
Carbon Dioxide,2018,8,398.46
Carbon Dioxide,2018,9,400.18
Carbon Dioxide,2018,10,406.27
Carbon Dioxide,2018,11,411.95
Carbon Dioxide,2018,12,415.34
Carbon Dioxide,2019,1,416.84
Carbon Dioxide,2019,2,417.53
Carbon Dioxide,2019,3,418.05
Carbon Dioxide,2019,4,418.08
Carbon Dioxide,2019,5,417.35
Carbon Dioxide,2019,6,412.9
Carbon Dioxide,2019,7,403.32
Carbon Dioxide,2019,8,398.88
Carbon Dioxide,2019,9,404.3
Carbon Dioxide,2019,10,410.5
Carbon Dioxide,2019,11,413.44
Carbon Dioxide,2019,12,416.4
Carbon Monoxide ,1989,4,187.51
Carbon Monoxide ,1989,5,165.24
Carbon Monoxide ,1989,6,117.47
Carbon Monoxide ,1989,7,93.74
Carbon Monoxide ,1989,8,104.74
Carbon Monoxide ,1989,9,120.91
Carbon Monoxide ,1989,10,129.82
Carbon Monoxide ,1989,11,143.45
Carbon Monoxide ,1989,12,167.8
Carbon Monoxide ,1990,1,192.25
Carbon Monoxide ,1990,2,207.95
Carbon Monoxide ,1990,3,210.64
Carbon Monoxide ,1990,4,192.77
Carbon Monoxide ,1990,5,161.18
Carbon Monoxide ,1990,6,120.91
Carbon Monoxide ,1990,7,97.13
Carbon Monoxide ,1990,8,102.14
Carbon Monoxide ,1990,9,115.13
Carbon Monoxide ,1990,10,123.89
Carbon Monoxide ,1990,11,144.98
Carbon Monoxide ,1990,12,174.85
Carbon Monoxide ,1991,1,192.92
Carbon Monoxide ,1991,2,202.58
Carbon Monoxide ,1991,3,207.67
Carbon Monoxide ,1991,4,198.3
Carbon Monoxide ,1991,5,165.54
Carbon Monoxide ,1991,6,122.22
Carbon Monoxide ,1991,7,97.97
Carbon Monoxide ,1991,8,98.17
Carbon Monoxide ,1991,9,108.9
Carbon Monoxide ,1991,10,118.98
Carbon Monoxide ,1991,11,137.95
Carbon Monoxide ,1991,12,162.84
Carbon Monoxide ,1992,1,181.29
Carbon Monoxide ,1992,2,190.03
Carbon Monoxide ,1992,3,193.11
Carbon Monoxide ,1992,4,188.67
Carbon Monoxide ,1992,5,164.3
Carbon Monoxide ,1992,6,126.39
Carbon Monoxide ,1992,7,98.45
Carbon Monoxide ,1992,8,94.25
Carbon Monoxide ,1992,9,105.19
Carbon Monoxide ,1992,10,118.67
Carbon Monoxide ,1992,11,133.67
Carbon Monoxide ,1992,12,151.69
Carbon Monoxide ,1993,1,167.88
Carbon Monoxide ,1993,2,178.42
Carbon Monoxide ,1993,3,186.88
Carbon Monoxide ,1993,4,181.21
Carbon Monoxide ,1993,5,148.47
Carbon Monoxide ,1993,6,110.72
Carbon Monoxide ,1993,7,88.74
Carbon Monoxide ,1993,8,93.39
Carbon Monoxide ,1993,9,106.48
Carbon Monoxide ,1993,10,118.48
Carbon Monoxide ,1993,11,131.77
Carbon Monoxide ,1993,12,149.42
Carbon Monoxide ,1994,1,169.92
Carbon Monoxide ,1994,2,189.07
Carbon Monoxide ,1994,3,199.27
Carbon Monoxide ,1994,4,189
Carbon Monoxide ,1994,5,158.41
Carbon Monoxide ,1994,6,123.33
Carbon Monoxide ,1994,7,100.98
Carbon Monoxide ,1994,8,107.59
Carbon Monoxide ,1994,9,122.53
Carbon Monoxide ,1994,10,131.23
Carbon Monoxide ,1994,11,140.85
Carbon Monoxide ,1994,12,156.08
Carbon Monoxide ,1995,1,172.46
Carbon Monoxide ,1995,2,185.8
Carbon Monoxide ,1995,3,190.03
Carbon Monoxide ,1995,4,175.29
Carbon Monoxide ,1995,5,146.59
Carbon Monoxide ,1995,6,112.76
Carbon Monoxide ,1995,7,97.16
Carbon Monoxide ,1995,8,99.29
Carbon Monoxide ,1995,9,103.7
Carbon Monoxide ,1995,10,111.32
Carbon Monoxide ,1995,11,126.94
Carbon Monoxide ,1995,12,145.58
Carbon Monoxide ,1996,1,161.95
Carbon Monoxide ,1996,2,176.28
Carbon Monoxide ,1996,3,182.46
Carbon Monoxide ,1996,4,175.25
Carbon Monoxide ,1996,5,154.06
Carbon Monoxide ,1996,6,119.28
Carbon Monoxide ,1996,7,96.34
Carbon Monoxide ,1996,8,99.56
Carbon Monoxide ,1996,9,112.66
Carbon Monoxide ,1996,10,117.16
Carbon Monoxide ,1996,11,124.96
Carbon Monoxide ,1996,12,144.76
Carbon Monoxide ,1997,1,167.64
Carbon Monoxide ,1997,2,179.16
Carbon Monoxide ,1997,3,177.46
Carbon Monoxide ,1997,4,168.75
Carbon Monoxide ,1997,5,146
Carbon Monoxide ,1997,6,110.79
Carbon Monoxide ,1997,7,86.87
Carbon Monoxide ,1997,8,82.94
Carbon Monoxide ,1997,9,92.36
Carbon Monoxide ,1997,10,106
Carbon Monoxide ,1997,11,125.06
Carbon Monoxide ,1997,12,147.9
Carbon Monoxide ,1998,1,170.55
Carbon Monoxide ,1998,2,178.54
Carbon Monoxide ,1998,3,176.78
Carbon Monoxide ,1998,4,174.06
Carbon Monoxide ,1998,5,159.39
Carbon Monoxide ,1998,6,127.13
Carbon Monoxide ,1998,7,103.16
Carbon Monoxide ,1998,8,111.05
Carbon Monoxide ,1998,9,137.43
Carbon Monoxide ,1998,10,163.16
Carbon Monoxide ,1998,11,174.92
Carbon Monoxide ,1998,12,178.83
Carbon Monoxide ,1999,1,183.02
Carbon Monoxide ,1999,2,185.8
Carbon Monoxide ,1999,3,186.25
Carbon Monoxide ,1999,4,178.61
Carbon Monoxide ,1999,5,152.15
Carbon Monoxide ,1999,6,118.02
Carbon Monoxide ,1999,7,92.79
Carbon Monoxide ,1999,8,88.84
Carbon Monoxide ,1999,9,93.53
Carbon Monoxide ,1999,10,100.81
Carbon Monoxide ,1999,11,116.38
Carbon Monoxide ,1999,12,141.44
Carbon Monoxide ,2000,1,162.39
Carbon Monoxide ,2000,2,168.17
Carbon Monoxide ,2000,3,164.62
Carbon Monoxide ,2000,4,158.95
Carbon Monoxide ,2000,5,145.64
Carbon Monoxide ,2000,6,114.13
Carbon Monoxide ,2000,7,86.67
Carbon Monoxide ,2000,8,83.45
Carbon Monoxide ,2000,9,92.06
Carbon Monoxide ,2000,10,101.03
Carbon Monoxide ,2000,11,112.4
Carbon Monoxide ,2000,12,129.05
Carbon Monoxide ,2001,1,144.82
Carbon Monoxide ,2001,2,155.59
Carbon Monoxide ,2001,3,163.17
Carbon Monoxide ,2001,4,163.4
Carbon Monoxide ,2001,5,148.32
Carbon Monoxide ,2001,6,114.51
Carbon Monoxide ,2001,7,87.39
Carbon Monoxide ,2001,8,85.43
Carbon Monoxide ,2001,9,95.46
Carbon Monoxide ,2001,10,104.5
Carbon Monoxide ,2001,11,119.43
Carbon Monoxide ,2001,12,141.16
Carbon Monoxide ,2002,1,156.71
Carbon Monoxide ,2002,2,162.68
Carbon Monoxide ,2002,3,162.84
Carbon Monoxide ,2002,4,157.42
Carbon Monoxide ,2002,5,136.22
Carbon Monoxide ,2002,6,103.13
Carbon Monoxide ,2002,7,87.56
Carbon Monoxide ,2002,8,103.99
Carbon Monoxide ,2002,9,131.08
Carbon Monoxide ,2002,10,142.06
Carbon Monoxide ,2002,11,145.61
Carbon Monoxide ,2002,12,155
Carbon Monoxide ,2003,1,174.55
Carbon Monoxide ,2003,2,190.93
Carbon Monoxide ,2003,3,190.41
Carbon Monoxide ,2003,4,178.41
Carbon Monoxide ,2003,5,156.81
Carbon Monoxide ,2003,6,129.28
Carbon Monoxide ,2003,7,112.31
Carbon Monoxide ,2003,8,114.56
Carbon Monoxide ,2003,9,126.6
Carbon Monoxide ,2003,10,134.57
Carbon Monoxide ,2003,11,142.61
Carbon Monoxide ,2003,12,152.16
Carbon Monoxide ,2004,1,159.26
Carbon Monoxide ,2004,2,162.03
Carbon Monoxide ,2004,3,165.76
Carbon Monoxide ,2004,4,166.31
Carbon Monoxide ,2004,5,146.03
Carbon Monoxide ,2004,6,112.96
Carbon Monoxide ,2004,7,91.82
Carbon Monoxide ,2004,8,95.68
Carbon Monoxide ,2004,9,103.69
Carbon Monoxide ,2004,10,109.7
Carbon Monoxide ,2004,11,120.31
Carbon Monoxide ,2004,12,137.48
Carbon Monoxide ,2005,1,155.11
Carbon Monoxide ,2005,2,165.87
Carbon Monoxide ,2005,3,170.55
Carbon Monoxide ,2005,4,164.97
Carbon Monoxide ,2005,5,139.67
Carbon Monoxide ,2005,6,106.23
Carbon Monoxide ,2005,7,86.08
Carbon Monoxide ,2005,8,90.22
Carbon Monoxide ,2005,9,98.41
Carbon Monoxide ,2005,10,107.09
Carbon Monoxide ,2005,11,123.9
Carbon Monoxide ,2005,12,143.7
Carbon Monoxide ,2006,1,153.91
Carbon Monoxide ,2006,2,159.02
Carbon Monoxide ,2006,3,164.13
Carbon Monoxide ,2006,4,162.2
Carbon Monoxide ,2006,5,146.47
Carbon Monoxide ,2006,6,114.42
Carbon Monoxide ,2006,7,88.75
Carbon Monoxide ,2006,8,85.9
Carbon Monoxide ,2006,9,94
Carbon Monoxide ,2006,10,103.99
Carbon Monoxide ,2006,11,118.78
Carbon Monoxide ,2006,12,136.95
Carbon Monoxide ,2007,1,147.15
Carbon Monoxide ,2007,2,154.16
Carbon Monoxide ,2007,3,164.45
Carbon Monoxide ,2007,4,164.34
Carbon Monoxide ,2007,5,145.31
Carbon Monoxide ,2007,6,111.86
Carbon Monoxide ,2007,7,87.85
Carbon Monoxide ,2007,8,85.7
Carbon Monoxide ,2007,9,94
Carbon Monoxide ,2007,10,103.16
Carbon Monoxide ,2007,11,116.91
Carbon Monoxide ,2007,12,137.87
Carbon Monoxide ,2008,1,161.34
Carbon Monoxide ,2008,2,176.46
Carbon Monoxide ,2008,3,172.08
Carbon Monoxide ,2008,4,161.59
Carbon Monoxide ,2008,5,143.83
Carbon Monoxide ,2008,6,113.85
Carbon Monoxide ,2008,7,91.33
Carbon Monoxide ,2008,8,86.72
Carbon Monoxide ,2008,9,90.96
Carbon Monoxide ,2008,10,96.6
Carbon Monoxide ,2008,11,111.2
Carbon Monoxide ,2008,12,129.21
Carbon Monoxide ,2009,1,144.35
Carbon Monoxide ,2009,2,153.23
Carbon Monoxide ,2009,3,157.29
Carbon Monoxide ,2009,4,154.73
Carbon Monoxide ,2009,5,134.36
Carbon Monoxide ,2009,6,100.85
Carbon Monoxide ,2009,7,83.74
Carbon Monoxide ,2009,8,90.69
Carbon Monoxide ,2009,9,97.4
Carbon Monoxide ,2009,10,97.13
Carbon Monoxide ,2009,11,105.42
Carbon Monoxide ,2009,12,125.24
Carbon Monoxide ,2010,1,144.29
Carbon Monoxide ,2010,2,150.92
Carbon Monoxide ,2010,3,154.52
Carbon Monoxide ,2010,4,154.66
Carbon Monoxide ,2010,5,136.61
Carbon Monoxide ,2010,6,110.43
Carbon Monoxide ,2010,7,95.38
Carbon Monoxide ,2010,8,101.38
Carbon Monoxide ,2010,9,110.02
Carbon Monoxide ,2010,10,112.72
Carbon Monoxide ,2010,11,120.01
Carbon Monoxide ,2010,12,135.02
Carbon Monoxide ,2011,1,145.16
Carbon Monoxide ,2011,2,150.7
Carbon Monoxide ,2011,3,156.72
Carbon Monoxide ,2011,4,153.25
Carbon Monoxide ,2011,5,130.57
Carbon Monoxide ,2011,6,103.04
Carbon Monoxide ,2011,7,84.77
Carbon Monoxide ,2011,8,83.58
Carbon Monoxide ,2011,9,89.63
Carbon Monoxide ,2011,10,100.16
Carbon Monoxide ,2011,11,116.11
Carbon Monoxide ,2011,12,131.33
Carbon Monoxide ,2012,1,136.4
Carbon Monoxide ,2012,2,139.87
Carbon Monoxide ,2012,3,149.15
Carbon Monoxide ,2012,4,151.83
Carbon Monoxide ,2012,5,134.47
Carbon Monoxide ,2012,6,101.76
Carbon Monoxide ,2012,7,88.32
Carbon Monoxide ,2012,8,105.77
Carbon Monoxide ,2012,9,122.83
Carbon Monoxide ,2012,10,124
Carbon Monoxide ,2012,11,122.85
Carbon Monoxide ,2012,12,129.41
Carbon Monoxide ,2013,1,141.14
Carbon Monoxide ,2013,2,151.61
Carbon Monoxide ,2013,3,154.57
Carbon Monoxide ,2013,4,148.52
Carbon Monoxide ,2013,5,130.19
Carbon Monoxide ,2013,6,103.78
Carbon Monoxide ,2013,7,89.97
Carbon Monoxide ,2013,8,92.56
Carbon Monoxide ,2013,9,98.74
Carbon Monoxide ,2013,10,102.42
Carbon Monoxide ,2013,11,111.13
Carbon Monoxide ,2013,12,122.35
Carbon Monoxide ,2014,1,132.16
Carbon Monoxide ,2014,2,140.88
Carbon Monoxide ,2014,3,145.14
Carbon Monoxide ,2014,4,144.02
Carbon Monoxide ,2014,5,129.36
Carbon Monoxide ,2014,6,99.11
Carbon Monoxide ,2014,7,81.76
Carbon Monoxide ,2014,8,94.34
Carbon Monoxide ,2014,9,112.66
Carbon Monoxide ,2014,10,116.39
Carbon Monoxide ,2014,11,122.42
Carbon Monoxide ,2014,12,133.16
Carbon Monoxide ,2015,1,144.12
Carbon Monoxide ,2015,2,153.24
Carbon Monoxide ,2015,3,155.33
Carbon Monoxide ,2015,4,147.41
Carbon Monoxide ,2015,5,127.93
Carbon Monoxide ,2015,6,106.93
Carbon Monoxide ,2015,7,97.39
Carbon Monoxide ,2015,8,97.83
Carbon Monoxide ,2015,9,100.36
Carbon Monoxide ,2015,10,106.76
Carbon Monoxide ,2015,11,119.31
Carbon Monoxide ,2015,12,131.83
Carbon Monoxide ,2016,1,140.87
Carbon Monoxide ,2016,2,144.85
Carbon Monoxide ,2016,3,146.55
Carbon Monoxide ,2016,4,142.26
Carbon Monoxide ,2016,5,124.6
Carbon Monoxide ,2016,6,100.88
Carbon Monoxide ,2016,7,83.28
Carbon Monoxide ,2016,8,85.51
Carbon Monoxide ,2016,9,98.16
Carbon Monoxide ,2016,10,107.4
Carbon Monoxide ,2016,11,116.78
Carbon Monoxide ,2016,12,132.61
Carbon Monoxide ,2017,1,146.05
Carbon Monoxide ,2017,2,153.03
Carbon Monoxide ,2017,3,152.6
Carbon Monoxide ,2017,4,138.75
Carbon Monoxide ,2017,5,117.23
Carbon Monoxide ,2017,6,90.97
Carbon Monoxide ,2017,7,76.47
Carbon Monoxide ,2017,8,84.77
Carbon Monoxide ,2017,9,104.67
Carbon Monoxide ,2017,10,116.96
Carbon Monoxide ,2017,11,121.53
Carbon Monoxide ,2017,12,125.71
Carbon Monoxide ,2018,1,132.31
Carbon Monoxide ,2018,2,140.66
Carbon Monoxide ,2018,3,146.89
Carbon Monoxide ,2018,4,143.59
Carbon Monoxide ,2018,5,127.24
Carbon Monoxide ,2018,6,98.01
Carbon Monoxide ,2018,7,79.39
Carbon Monoxide ,2018,8,87.92
Carbon Monoxide ,2018,9,105.13
Carbon Monoxide ,2018,10,111.24
Carbon Monoxide ,2018,11,115.2
Carbon Monoxide ,2018,12,126.4
Carbon Monoxide ,2019,1,136.76
Carbon Monoxide ,2019,2,142.44
Carbon Monoxide ,2019,3,144.31
Carbon Monoxide ,2019,4,136.53
Carbon Monoxide ,2019,5,114.05
Carbon Monoxide ,2019,6,92.28
Carbon Monoxide ,2019,7,91.28
Carbon Monoxide ,2019,8,107.82
Carbon Monoxide ,2019,9,118.38
Carbon Monoxide ,2019,10,114.8
Carbon Monoxide ,2019,11,111.06
Carbon Monoxide ,2019,12,118.8
Methane ,1983,4,1717.06
Methane ,1983,5,1706.91
Methane ,1983,6,1700.97
Methane ,1983,7,1695.56
Methane ,1983,8,1706.65
Methane ,1983,9,1728.74
Methane ,1983,10,1743.29
Methane ,1983,11,1735.33
Methane ,1983,12,1732.03
Methane ,1984,1,1759.69
Methane ,1984,2,1775.36
Methane ,1984,3,1753.43
Methane ,1984,4,1738.15
Methane ,1984,5,1731.5
Methane ,1984,6,1721.42
Methane ,1984,7,1714.34
Methane ,1984,8,1725.69
Methane ,1984,9,1749.54
Methane ,1984,10,1752.86
Methane ,1984,11,1747.14
Methane ,1984,12,1760.83
Methane ,1985,1,1764.58
Methane ,1985,2,1755.97
Methane ,1985,3,1763.06
Methane ,1985,4,1767.45
Methane ,1985,5,1753.69
Methane ,1985,6,1731.21
Methane ,1985,7,1719.23
Methane ,1985,8,1724.57
Methane ,1985,9,1749.61
Methane ,1985,10,1776.45
Methane ,1985,11,1773.91
Methane ,1985,12,1763.23
Methane ,1986,1,1768.52
Methane ,1986,2,1792.82
Methane ,1986,3,1801.15
Methane ,1986,4,1779.47
Methane ,1986,5,1756.81
Methane ,1986,6,1751.65
Methane ,1986,7,1744.84
Methane ,1986,8,1743.36
Methane ,1986,9,1777.98
Methane ,1986,10,1814.78
Methane ,1986,11,1801.17
Methane ,1986,12,1775.97
Methane ,1987,1,1779.29
Methane ,1987,2,1795.8
Methane ,1987,3,1798.72
Methane ,1987,4,1786.16
Methane ,1987,5,1768.81
Methane ,1987,6,1755.37
Methane ,1987,7,1758.07
Methane ,1987,8,1771.7
Methane ,1987,9,1780.52
Methane ,1987,10,1781.53
Methane ,1987,11,1787.4
Methane ,1987,12,1795.25
Methane ,1988,1,1813.21
Methane ,1988,2,1829.75
Methane ,1988,3,1816.54
Methane ,1988,4,1797.21
Methane ,1988,5,1782.71
Methane ,1988,6,1767.93
Methane ,1988,7,1760.09
Methane ,1988,8,1766.47
Methane ,1988,9,1787.44
Methane ,1988,10,1796.02
Methane ,1988,11,1804.77
Methane ,1988,12,1823.52
Methane ,1989,1,1824.63
Methane ,1989,2,1822.74
Methane ,1989,3,1827.02
Methane ,1989,4,1807.37
Methane ,1989,5,1787.29
Methane ,1989,6,1776.01
Methane ,1989,7,1796.83
Methane ,1989,8,1824.3
Methane ,1989,9,1804.27
Methane ,1989,10,1805.37
Methane ,1989,11,1820.8
Methane ,1989,12,1822.66
Methane ,1990,1,1830.07
Methane ,1990,2,1844.57
Methane ,1990,3,1840.79
Methane ,1990,4,1822.73
Methane ,1990,5,1809.58
Methane ,1990,6,1795.94
Methane ,1990,7,1785.36
Methane ,1990,8,1794.74
Methane ,1990,9,1808.47
Methane ,1990,10,1818.39
Methane ,1990,11,1835.79
Methane ,1990,12,1849.49
Methane ,1991,1,1847.02
Methane ,1991,2,1838.93
Methane ,1991,3,1841.52
Methane ,1991,4,1829.52
Methane ,1991,5,1806.49
Methane ,1991,6,1798.71
Methane ,1991,7,1804.55
Methane ,1991,8,1805.6
Methane ,1991,9,1811.37
Methane ,1991,10,1828.23
Methane ,1991,11,1838.8
Methane ,1991,12,1846.2
Methane ,1992,1,1856.92
Methane ,1992,2,1852.85
Methane ,1992,3,1839.78
Methane ,1992,4,1832.31
Methane ,1992,5,1822.13
Methane ,1992,6,1814.34
Methane ,1992,7,1810.24
Methane ,1992,8,1807.44
Methane ,1992,9,1812.01
Methane ,1992,10,1825.16
Methane ,1992,11,1835.88
Methane ,1992,12,1838.47
Methane ,1993,1,1839.96
Methane ,1993,2,1845.18
Methane ,1993,3,1848.51
Methane ,1993,4,1837.95
Methane ,1993,5,1819.38
Methane ,1993,6,1804.47
Methane ,1993,7,1804.59
Methane ,1993,8,1810.94
Methane ,1993,9,1821.56
Methane ,1993,10,1830.19
Methane ,1993,11,1837.68
Methane ,1993,12,1847.71
Methane ,1994,1,1846.77
Methane ,1994,2,1857.8
Methane ,1994,3,1865.11
Methane ,1994,4,1842.04
Methane ,1994,5,1824.98
Methane ,1994,6,1815.83
Methane ,1994,7,1827.65
Methane ,1994,8,1836.96
Methane ,1994,9,1841.16
Methane ,1994,10,1851.96
Methane ,1994,11,1854.82
Methane ,1994,12,1861.4
Methane ,1995,1,1868.53
Methane ,1995,2,1875.86
Methane ,1995,3,1866.31
Methane ,1995,4,1846.02
Methane ,1995,5,1829.24
Methane ,1995,6,1818.31
Methane ,1995,7,1812.62
Methane ,1995,8,1820.26
Methane ,1995,9,1837.7
Methane ,1995,10,1846.16
Methane ,1995,11,1860.65
Methane ,1995,12,1864.18
Methane ,1996,1,1857.77
Methane ,1996,2,1866.92
Methane ,1996,3,1863.41
Methane ,1996,4,1848.75
Methane ,1996,5,1845.91
Methane ,1996,6,1834.46
Methane ,1996,7,1817.3
Methane ,1996,8,1827.91
Methane ,1996,9,1848.65
Methane ,1996,10,1852.17
Methane ,1996,11,1844.66
Methane ,1996,12,1849.89
Methane ,1997,1,1866.81
Methane ,1997,2,1868.66
Methane ,1997,3,1853.06
Methane ,1997,4,1846.18
Methane ,1997,5,1841.2
Methane ,1997,6,1822.18
Methane ,1997,7,1817.82
Methane ,1997,8,1850.96
Methane ,1997,9,1859.34
Methane ,1997,10,1841.12
Methane ,1997,11,1842.84
Methane ,1997,12,1853.88
Methane ,1998,1,1861.59
Methane ,1998,2,1867.87
Methane ,1998,3,1863.54
Methane ,1998,4,1848.49
Methane ,1998,5,1847.8
Methane ,1998,6,1845.33
Methane ,1998,7,1844.11
Methane ,1998,8,1857.11
Methane ,1998,9,1859.38
Methane ,1998,10,1864.44
Methane ,1998,11,1872.63
Methane ,1998,12,1885.79
Methane ,1999,1,1892.96
Methane ,1999,2,1885.07
Methane ,1999,3,1876.35
Methane ,1999,4,1868.16
Methane ,1999,5,1860.51
Methane ,1999,6,1845.7
Methane ,1999,7,1835
Methane ,1999,8,1841.57
Methane ,1999,9,1848.13
Methane ,1999,10,1860.1
Methane ,1999,11,1873.28
Methane ,1999,12,1876.27
Methane ,2000,1,1883.02
Methane ,2000,2,1882.62
Methane ,2000,3,1871.07
Methane ,2000,4,1864.72
Methane ,2000,5,1859.5
Methane ,2000,6,1853.35
Methane ,2000,7,1843.15
Methane ,2000,8,1846.1
Methane ,2000,9,1859.33
Methane ,2000,10,1856.82
Methane ,2000,11,1853.88
Methane ,2000,12,1859.47
Methane ,2001,1,1869.17
Methane ,2001,2,1872.85
Methane ,2001,3,1870.83
Methane ,2001,4,1868.4
Methane ,2001,5,1859.57
Methane ,2001,6,1843.18
Methane ,2001,7,1838.13
Methane ,2001,8,1846.05
Methane ,2001,9,1849.65
Methane ,2001,10,1856.33
Methane ,2001,11,1865.16
Methane ,2001,12,1876.22
Methane ,2002,1,1882.83
Methane ,2002,2,1875.19
Methane ,2002,3,1871.38
Methane ,2002,4,1866.22
Methane ,2002,5,1851.9
Methane ,2002,6,1839.19
Methane ,2002,7,1831.84
Methane ,2002,8,1843.9
Methane ,2002,9,1863.52
Methane ,2002,10,1870.59
Methane ,2002,11,1871.35
Methane ,2002,12,1872.41
Methane ,2003,1,1883.69
Methane ,2003,2,1907.7
Methane ,2003,3,1907.47
Methane ,2003,4,1885.59
Methane ,2003,5,1864.58
Methane ,2003,6,1853.21
Methane ,2003,7,1849.73
Methane ,2003,8,1854.35
Methane ,2003,9,1862.98
Methane ,2003,10,1870.37
Methane ,2003,11,1889.43
Methane ,2003,12,1895.28
Methane ,2004,1,1887.52
Methane ,2004,2,1884.67
Methane ,2004,3,1877.75
Methane ,2004,4,1870.71
Methane ,2004,5,1860.22
Methane ,2004,6,1847.13
Methane ,2004,7,1849.43
Methane ,2004,8,1856.2
Methane ,2004,9,1860.53
Methane ,2004,10,1863.79
Methane ,2004,11,1862.22
Methane ,2004,12,1868.82
Methane ,2005,1,1883.72
Methane ,2005,2,1884.28
Methane ,2005,3,1876.35
Methane ,2005,4,1871
Methane ,2005,5,1858.34
Methane ,2005,6,1841.26
Methane ,2005,7,1834.36
Methane ,2005,8,1850.95
Methane ,2005,9,1873.04
Methane ,2005,10,1878.22
Methane ,2005,11,1877.29
Methane ,2005,12,1875.45
Methane ,2006,1,1876.54
Methane ,2006,2,1884.28
Methane ,2006,3,1884.38
Methane ,2006,4,1868.26
Methane ,2006,5,1855.26
Methane ,2006,6,1849.16
Methane ,2006,7,1841.75
Methane ,2006,8,1843.55
Methane ,2006,9,1863.09
Methane ,2006,10,1866.85
Methane ,2006,11,1864.24
Methane ,2006,12,1881.44
Methane ,2007,1,1890.47
Methane ,2007,2,1879.22
Methane ,2007,3,1877.51
Methane ,2007,4,1875.41
Methane ,2007,5,1863.1
Methane ,2007,6,1851.33
Methane ,2007,7,1843.31
Methane ,2007,8,1860.79
Methane ,2007,9,1881.72
Methane ,2007,10,1875.77
Methane ,2007,11,1877.18
Methane ,2007,12,1891.6
Methane ,2008,1,1911.1
Methane ,2008,2,1915.43
Methane ,2008,3,1899.65
Methane ,2008,4,1890.59
Methane ,2008,5,1876.04
Methane ,2008,6,1860.18
Methane ,2008,7,1851.18
Methane ,2008,8,1849.07
Methane ,2008,9,1860.53
Methane ,2008,10,1880.87
Methane ,2008,11,1899.49
Methane ,2008,12,1905.52
Methane ,2009,1,1901.21
Methane ,2009,2,1901.39
Methane ,2009,3,1903.4
Methane ,2009,4,1895.07
Methane ,2009,5,1878.62
Methane ,2009,6,1861.32
Methane ,2009,7,1856.27
Methane ,2009,8,1874.23
Methane ,2009,9,1886.79
Methane ,2009,10,1885.36
Methane ,2009,11,1881.9
Methane ,2009,12,1896.12
Methane ,2010,1,1909.9
Methane ,2010,2,1900.67
Methane ,2010,3,1896.28
Methane ,2010,4,1898.06
Methane ,2010,5,1884.51
Methane ,2010,6,1878.53
Methane ,2010,7,1889.1
Methane ,2010,8,1889.6
Methane ,2010,9,1899.6
Methane ,2010,10,1898.43
Methane ,2010,11,1893.42
Methane ,2010,12,1915.81
Methane ,2011,1,1919.55
Methane ,2011,2,1908.81
Methane ,2011,3,1908.09
Methane ,2011,4,1903.37
Methane ,2011,5,1885.82
Methane ,2011,6,1865.33
Methane ,2011,7,1869.01
Methane ,2011,8,1889.17
Methane ,2011,9,1897.17
Methane ,2011,10,1892.67
Methane ,2011,11,1898.32
Methane ,2011,12,1912.28
Methane ,2012,1,1915.93
Methane ,2012,2,1910.66
Methane ,2012,3,1905.13
Methane ,2012,4,1901.63
Methane ,2012,5,1894.72
Methane ,2012,6,1882.7
Methane ,2012,7,1879.36
Methane ,2012,8,1889.87
Methane ,2012,9,1898.09
Methane ,2012,10,1899.82
Methane ,2012,11,1905.76
Methane ,2012,12,1909.73
Methane ,2013,1,1920.62
Methane ,2013,2,1929.42
Methane ,2013,3,1920.9
Methane ,2013,4,1909.55
Methane ,2013,5,1900.89
Methane ,2013,6,1898.96
Methane ,2013,7,1894.73
Methane ,2013,8,1880.22
Methane ,2013,9,1888.69
Methane ,2013,10,1905.95
Methane ,2013,11,1910.96
Methane ,2013,12,1913.72
Methane ,2014,1,1919.66
Methane ,2014,2,1931.76
Methane ,2014,3,1924.38
Methane ,2014,4,1912.01
Methane ,2014,5,1906.3
Methane ,2014,6,1896.42
Methane ,2014,7,1887.07
Methane ,2014,8,1898.69
Methane ,2014,9,1923.19
Methane ,2014,10,1924.23
Methane ,2014,11,1922.28
Methane ,2014,12,1931.98
Methane ,2015,1,1935.52
Methane ,2015,2,1942.99
Methane ,2015,3,1940.68
Methane ,2015,4,1923.9
Methane ,2015,5,1912.25
Methane ,2015,6,1908.95
Methane ,2015,7,1903.84
Methane ,2015,8,1913.03
Methane ,2015,9,1937.17
Methane ,2015,10,1935.19
Methane ,2015,11,1935.39
Methane ,2015,12,1949.27
Methane ,2016,1,1948.65
Methane ,2016,2,1938.31
Methane ,2016,3,1933.94
Methane ,2016,4,1930.61
Methane ,2016,5,1920.68
Methane ,2016,6,1916.81
Methane ,2016,7,1916.1
Methane ,2016,8,1929.04
Methane ,2016,9,1955.29
Methane ,2016,10,1951.12
Methane ,2016,11,1942.97
Methane ,2016,12,1963.26
Methane ,2017,1,1976.42
Methane ,2017,2,1974.27
Methane ,2017,3,1964.94
Methane ,2017,4,1945.59
Methane ,2017,5,1927.95
Methane ,2017,6,1917.86
Methane ,2017,7,1921.39
Methane ,2017,8,1940.35
Methane ,2017,9,1945.31
Methane ,2017,10,1949.72
Methane ,2017,11,1959.17
Methane ,2017,12,1952.37
Methane ,2018,1,1949.63
Methane ,2018,2,1953.5
Methane ,2018,3,1953.23
Methane ,2018,4,1952.7
Methane ,2018,5,1943.02
Methane ,2018,6,1930.13
Methane ,2018,7,1922.89
Methane ,2018,8,1927.87
Methane ,2018,9,1938.38
Methane ,2018,10,1960.66
Methane ,2018,11,1983.79
Methane ,2018,12,1975.95
Methane ,2019,1,1972.41
Methane ,2019,2,1973.34
Methane ,2019,3,1971.35
Methane ,2019,4,1962.09
Methane ,2019,5,1941.18
Methane ,2019,6,1937.03
Methane ,2019,7,1954.92
Methane ,2019,8,1964
Methane ,2019,9,1976.61
Methane ,2019,10,1983.79
Methane ,2019,11,1968.04
Methane ,2019,12,1968.39
Methane(C13/C12),1998,1,-47.427
Methane(C13/C12),1998,2,-47.406
Methane(C13/C12),1998,3,-47.348
Methane(C13/C12),1998,4,-47.255
Methane(C13/C12),1998,5,-47.212
Methane(C13/C12),1998,6,-47.323
Methane(C13/C12),1998,7,-47.536
Methane(C13/C12),1998,8,-47.766
Methane(C13/C12),1998,9,-47.875
Methane(C13/C12),1998,10,-47.838
Methane(C13/C12),1998,11,-47.729
Methane(C13/C12),1998,12,-47.622
Methane(C13/C12),1999,1,-47.518
Methane(C13/C12),1999,2,-47.43
Methane(C13/C12),1999,3,-47.349
Methane(C13/C12),1999,4,-47.261
Methane(C13/C12),1999,5,-47.183
Methane(C13/C12),1999,6,-47.189
Methane(C13/C12),1999,7,-47.33
Methane(C13/C12),1999,8,-47.55
Methane(C13/C12),1999,9,-47.716
Methane(C13/C12),1999,10,-47.765
Methane(C13/C12),1999,11,-47.671
Methane(C13/C12),1999,12,-47.537
Methane(C13/C12),2000,1,-47.432
Methane(C13/C12),2000,2,-47.396
Methane(C13/C12),2000,3,-47.382
Methane(C13/C12),2000,4,-47.324
Methane(C13/C12),2000,5,-47.237
Methane(C13/C12),2000,6,-47.207
Methane(C13/C12),2000,7,-47.307
Methane(C13/C12),2000,8,-47.512
Methane(C13/C12),2000,9,-47.685
Methane(C13/C12),2000,10,-47.697
Methane(C13/C12),2000,11,-47.56
Methane(C13/C12),2000,12,-47.366
Methane(C13/C12),2001,1,-47.266
Methane(C13/C12),2001,2,-47.294
Methane(C13/C12),2001,3,-47.37
Methane(C13/C12),2001,4,-47.391
Methane(C13/C12),2001,5,-47.352
Methane(C13/C12),2001,12,-47.517
Methane(C13/C12),2002,1,-47.411
Methane(C13/C12),2002,2,-47.391
Methane(C13/C12),2002,3,-47.393
Methane(C13/C12),2002,4,-47.351
Methane(C13/C12),2002,5,-47.272
Methane(C13/C12),2002,6,-47.221
Methane(C13/C12),2002,7,-47.289
Methane(C13/C12),2002,8,-47.464
Methane(C13/C12),2002,9,-47.606
Methane(C13/C12),2002,10,-47.608
Methane(C13/C12),2002,11,-47.502
Methane(C13/C12),2002,12,-47.413
Methane(C13/C12),2003,1,-47.416
Methane(C13/C12),2003,2,-47.46
Methane(C13/C12),2003,3,-47.465
Methane(C13/C12),2003,4,-47.39
Methane(C13/C12),2003,5,-47.286
Methane(C13/C12),2003,6,-47.242
Methane(C13/C12),2003,7,-47.29
Methane(C13/C12),2003,8,-47.416
Methane(C13/C12),2003,9,-47.539
Methane(C13/C12),2003,10,-47.582
Methane(C13/C12),2003,11,-47.538
Methane(C13/C12),2003,12,-47.45
Methane(C13/C12),2004,1,-47.379
Methane(C13/C12),2004,2,-47.336
Methane(C13/C12),2004,3,-47.293
Methane(C13/C12),2004,4,-47.244
Methane(C13/C12),2004,5,-47.234
Methane(C13/C12),2004,6,-47.325
Methane(C13/C12),2004,7,-47.488
Methane(C13/C12),2004,8,-47.618
Methane(C13/C12),2004,9,-47.644
Methane(C13/C12),2004,10,-47.594
Methane(C13/C12),2004,11,-47.519
Methane(C13/C12),2004,12,-47.459
Methane(C13/C12),2005,1,-47.402
Methane(C13/C12),2005,2,-47.354
Methane(C13/C12),2005,3,-47.314
Methane(C13/C12),2005,4,-47.261
Methane(C13/C12),2005,5,-47.218
Methane(C13/C12),2005,6,-47.254
Methane(C13/C12),2005,7,-47.431
Methane(C13/C12),2005,8,-47.681
Methane(C13/C12),2005,9,-47.832
Methane(C13/C12),2005,10,-47.83
Methane(C13/C12),2006,2,-47.548
Methane(C13/C12),2006,3,-47.469
Methane(C13/C12),2006,4,-47.331
Methane(C13/C12),2006,5,-47.216
Methane(C13/C12),2006,6,-47.199
Methane(C13/C12),2006,7,-47.3
Methane(C13/C12),2006,8,-47.465
Methane(C13/C12),2006,9,-47.599
Methane(C13/C12),2006,10,-47.645
Methane(C13/C12),2006,11,-47.609
Methane(C13/C12),2006,12,-47.527
Methane(C13/C12),2007,1,-47.453
Methane(C13/C12),2007,2,-47.419
Methane(C13/C12),2007,3,-47.387
Methane(C13/C12),2007,4,-47.307
Methane(C13/C12),2007,5,-47.195
Methane(C13/C12),2007,6,-47.137
Methane(C13/C12),2007,7,-47.26
Methane(C13/C12),2007,8,-47.512
Methane(C13/C12),2007,9,-47.776
Methane(C13/C12),2007,10,-47.859
Methane(C13/C12),2007,11,-47.763
Methane(C13/C12),2007,12,-47.59
Methane(C13/C12),2008,1,-47.47
Methane(C13/C12),2008,2,-47.428
Methane(C13/C12),2008,3,-47.383
Methane(C13/C12),2008,4,-47.288
Methane(C13/C12),2008,5,-47.171
Methane(C13/C12),2008,6,-47.115
Methane(C13/C12),2008,7,-47.164
Methane(C13/C12),2008,8,-47.323
Methane(C13/C12),2008,9,-47.537
Methane(C13/C12),2008,10,-47.703
Methane(C13/C12),2008,11,-47.764
Methane(C13/C12),2008,12,-47.671
Methane(C13/C12),2009,1,-47.508
Methane(C13/C12),2009,2,-47.401
Methane(C13/C12),2009,3,-47.377
Methane(C13/C12),2009,4,-47.357
Methane(C13/C12),2009,5,-47.291
Methane(C13/C12),2009,6,-47.245
Methane(C13/C12),2009,7,-47.313
Methane(C13/C12),2009,8,-47.51
Methane(C13/C12),2009,9,-47.707
Methane(C13/C12),2009,10,-47.775
Methane(C13/C12),2009,11,-47.72
Methane(C13/C12),2009,12,-47.629
Methane(C13/C12),2010,1,-47.548
Methane(C13/C12),2010,2,-47.5
Methane(C13/C12),2010,3,-47.47
Methane(C13/C12),2010,4,-47.435
Methane(C13/C12),2010,5,-47.406
Methane(C13/C12),2010,6,-47.445
Methane(C13/C12),2010,7,-47.594
Methane(C13/C12),2010,8,-47.783
Methane(C13/C12),2010,9,-47.881
Methane(C13/C12),2010,10,-47.853
Methane(C13/C12),2010,11,-47.744
Methane(C13/C12),2010,12,-47.662
Methane(C13/C12),2011,1,-47.629
Methane(C13/C12),2011,2,-47.608
Methane(C13/C12),2011,3,-47.54
Methane(C13/C12),2011,4,-47.397
Methane(C13/C12),2011,5,-47.275
Methane(C13/C12),2011,6,-47.296
Methane(C13/C12),2011,7,-47.497
Methane(C13/C12),2011,8,-47.761
Methane(C13/C12),2011,9,-47.908
Methane(C13/C12),2011,10,-47.914
Methane(C13/C12),2011,11,-47.827
Methane(C13/C12),2011,12,-47.728
Methane(C13/C12),2012,1,-47.643
Methane(C13/C12),2012,2,-47.571
Methane(C13/C12),2012,3,-47.489
Methane(C13/C12),2012,4,-47.416
Methane(C13/C12),2012,5,-47.382
Methane(C13/C12),2012,6,-47.425
Methane(C13/C12),2012,7,-47.57
Methane(C13/C12),2012,8,-47.742
Methane(C13/C12),2012,9,-47.866
Methane(C13/C12),2012,10,-47.848
Methane(C13/C12),2012,11,-47.736
Methane(C13/C12),2012,12,-47.614
Methane(C13/C12),2013,1,-47.555
Methane(C13/C12),2013,2,-47.535
Methane(C13/C12),2013,3,-47.498
Methane(C13/C12),2013,4,-47.449
Methane(C13/C12),2013,5,-47.433
Methane(C13/C12),2013,6,-47.467
Methane(C13/C12),2013,7,-47.528
Methane(C13/C12),2013,8,-47.589
Methane(C13/C12),2013,9,-47.649
Methane(C13/C12),2013,10,-47.698
Methane(C13/C12),2013,11,-47.726
Methane(C13/C12),2013,12,-47.713
Methane(C13/C12),2014,1,-47.669
Methane(C13/C12),2014,2,-47.608
Methane(C13/C12),2014,3,-47.522
Methane(C13/C12),2014,4,-47.419
Methane(C13/C12),2014,5,-47.335
Methane(C13/C12),2014,6,-47.335
Methane(C13/C12),2014,7,-47.443
Methane(C13/C12),2014,8,-47.637
Methane(C13/C12),2014,9,-47.799
Methane(C13/C12),2014,10,-47.835
Methane(C13/C12),2014,11,-47.763
Methane(C13/C12),2014,12,-47.665
Methane(C13/C12),2015,1,-47.614
Methane(C13/C12),2015,2,-47.598
Methane(C13/C12),2015,3,-47.561
Methane(C13/C12),2015,4,-47.486
Methane(C13/C12),2015,5,-47.408
Methane(C13/C12),2015,6,-47.424
Methane(C13/C12),2015,7,-47.558
Methane(C13/C12),2015,8,-47.782
Methane(C13/C12),2015,9,-47.956
Methane(C13/C12),2015,10,-47.979
Methane(C13/C12),2015,11,-47.876
Methane(C13/C12),2015,12,-47.75
Methane(C13/C12),2016,1,-47.649
Methane(C13/C12),2016,2,-47.599
Methane(C13/C12),2016,3,-47.566
Methane(C13/C12),2016,4,-47.507
Methane(C13/C12),2016,5,-47.453
Methane(C13/C12),2016,6,-47.472
Methane(C13/C12),2016,7,-47.624
Methane(C13/C12),2016,8,-47.849
Methane(C13/C12),2016,9,-47.996
Methane(C13/C12),2016,10,-48.003
Methane(C13/C12),2016,11,-47.896
Methane(C13/C12),2016,12,-47.801
Methane(C13/C12),2017,1,-47.775
Methane(C13/C12),2017,2,-47.767
Methane(C13/C12),2017,3,-47.711
Methane(C13/C12),2017,4,-47.588
Methane(C13/C12),2017,5,-47.477
Methane(C13/C12),2017,6,-47.458
Methane(C13/C12),2017,7,-47.554
Methane(C13/C12),2017,8,-47.722
Methane(C13/C12),2017,9,-47.871
Methane(C13/C12),2017,10,-47.922
Methane(C13/C12),2017,11,-47.87
Methane(C13/C12),2017,12,-47.767
Molecular Hydrogen,1989,1,485.4
Molecular Hydrogen,1989,2,489.18
Molecular Hydrogen,1989,3,506.12
Molecular Hydrogen,1989,4,544.74
Molecular Hydrogen,1989,5,556.36
Molecular Hydrogen,1989,6,547.25
Molecular Hydrogen,1989,7,524.5
Molecular Hydrogen,1989,8,501.11
Molecular Hydrogen,1989,9,498.91
Molecular Hydrogen,1989,10,495.06
Molecular Hydrogen,1989,11,488.55
Molecular Hydrogen,1989,12,506.15
Molecular Hydrogen,1990,1,537.67
Molecular Hydrogen,1990,2,540.52
Molecular Hydrogen,1990,3,533.72
Molecular Hydrogen,1990,4,536.22
Molecular Hydrogen,1990,5,532.39
Molecular Hydrogen,1990,6,516.93
Molecular Hydrogen,1990,7,510.53
Molecular Hydrogen,1990,8,496.65
Molecular Hydrogen,1990,9,470.03
Molecular Hydrogen,1990,10,460.63
Molecular Hydrogen,1990,11,463.86
Molecular Hydrogen,1990,12,487.75
Molecular Hydrogen,1991,1,515.15
Molecular Hydrogen,1991,2,524.55
Molecular Hydrogen,1991,3,535.04
Molecular Hydrogen,1991,4,541.26
Molecular Hydrogen,1991,5,537.42
Molecular Hydrogen,1991,6,528.92
Molecular Hydrogen,1991,7,511.57
Molecular Hydrogen,1991,8,490.8
Molecular Hydrogen,1991,9,467.72
Molecular Hydrogen,1991,10,462
Molecular Hydrogen,1991,11,476.12
Molecular Hydrogen,1991,12,494.8
Molecular Hydrogen,1992,1,508.37
Molecular Hydrogen,1992,2,519.28
Molecular Hydrogen,1992,3,533.26
Molecular Hydrogen,1992,4,538.46
Molecular Hydrogen,1992,5,530.13
Molecular Hydrogen,1992,6,513.96
Molecular Hydrogen,1992,7,501.93
Molecular Hydrogen,1992,8,479.25
Molecular Hydrogen,1992,9,456.19
Molecular Hydrogen,1992,10,455.3
Molecular Hydrogen,1992,11,462.39
Molecular Hydrogen,1992,12,476.65
Molecular Hydrogen,1993,1,497.22
Molecular Hydrogen,1993,2,513.38
Molecular Hydrogen,1993,3,521.09
Molecular Hydrogen,1993,4,525.48
Molecular Hydrogen,1993,5,527.36
Molecular Hydrogen,1993,6,512.87
Molecular Hydrogen,1993,7,492.61
Molecular Hydrogen,1993,8,473.01
Molecular Hydrogen,1993,9,459.67
Molecular Hydrogen,1993,10,459.82
Molecular Hydrogen,1993,11,463.36
Molecular Hydrogen,1993,12,476.37
Molecular Hydrogen,1994,1,495.32
Molecular Hydrogen,1994,2,505.14
Molecular Hydrogen,1994,3,513.98
Molecular Hydrogen,1994,4,521.36
Molecular Hydrogen,1994,5,522.33
Molecular Hydrogen,1994,6,513.55
Molecular Hydrogen,1994,7,485.67
Molecular Hydrogen,1994,8,468.82
Molecular Hydrogen,1994,9,465.75
Molecular Hydrogen,1994,10,455.41
Molecular Hydrogen,1994,11,459.88
Molecular Hydrogen,1994,12,472.58
Molecular Hydrogen,1995,1,485.74
Molecular Hydrogen,1995,2,498.02
Molecular Hydrogen,1995,3,508.35
Molecular Hydrogen,1995,4,514.16
Molecular Hydrogen,1995,5,513.98
Molecular Hydrogen,1995,6,508.8
Molecular Hydrogen,1995,7,488.8
Molecular Hydrogen,1995,8,473.72
Molecular Hydrogen,1995,9,466.6
Molecular Hydrogen,1995,10,449.21
Molecular Hydrogen,1995,11,445.34
Molecular Hydrogen,1995,12,465.98
Molecular Hydrogen,1996,1,492.85
Molecular Hydrogen,1996,2,509.38
Molecular Hydrogen,1996,3,514.32
Molecular Hydrogen,1996,4,520.86
Molecular Hydrogen,1996,5,521.56
Molecular Hydrogen,1996,6,517.7
Molecular Hydrogen,1996,7,510.72
Molecular Hydrogen,1996,8,487.4
Molecular Hydrogen,1996,9,457.26
Molecular Hydrogen,1996,10,452.15
Molecular Hydrogen,1996,11,465.62
Molecular Hydrogen,1996,12,470.16
Molecular Hydrogen,1997,1,479.73
Molecular Hydrogen,1997,2,501.93
Molecular Hydrogen,1997,3,515.01
Molecular Hydrogen,1997,4,517.5
Molecular Hydrogen,1997,5,520.93
Molecular Hydrogen,1997,6,507.38
Molecular Hydrogen,1997,7,481.2
Molecular Hydrogen,1997,8,458.91
Molecular Hydrogen,1997,9,442.55
Molecular Hydrogen,1997,10,442.73
Molecular Hydrogen,1997,11,454.15
Molecular Hydrogen,1997,12,473.14
Molecular Hydrogen,1998,1,491.96
Molecular Hydrogen,1998,2,502.4
Molecular Hydrogen,1998,3,504.96
Molecular Hydrogen,1998,4,512.43
Molecular Hydrogen,1998,5,521.51
Molecular Hydrogen,1998,6,517.1
Molecular Hydrogen,1998,7,500.08
Molecular Hydrogen,1998,8,490.43
Molecular Hydrogen,1998,9,486.93
Molecular Hydrogen,1998,10,494.91
Molecular Hydrogen,1998,11,499.31
Molecular Hydrogen,1998,12,492.07
Molecular Hydrogen,1999,1,500.25
Molecular Hydrogen,1999,2,515.16
Molecular Hydrogen,1999,3,524.84
Molecular Hydrogen,1999,4,526.76
Molecular Hydrogen,1999,5,524.6
Molecular Hydrogen,1999,6,516.88
Molecular Hydrogen,1999,7,494.01
Molecular Hydrogen,1999,8,469.85
Molecular Hydrogen,1999,9,462.98
Molecular Hydrogen,1999,10,457.35
Molecular Hydrogen,1999,11,455.1
Molecular Hydrogen,1999,12,472.63
Molecular Hydrogen,2000,1,489.08
Molecular Hydrogen,2000,2,501.97
Molecular Hydrogen,2000,3,513.24
Molecular Hydrogen,2000,4,516.89
Molecular Hydrogen,2000,5,516.73
Molecular Hydrogen,2000,6,508.57
Molecular Hydrogen,2000,7,488.91
Molecular Hydrogen,2000,8,467
Molecular Hydrogen,2000,9,455
Molecular Hydrogen,2000,10,452.93
Molecular Hydrogen,2000,11,469.59
Molecular Hydrogen,2000,12,484.65
Molecular Hydrogen,2001,1,493.49
Molecular Hydrogen,2001,2,503.92
Molecular Hydrogen,2001,3,514.38
Molecular Hydrogen,2001,4,520.78
Molecular Hydrogen,2001,5,521.27
Molecular Hydrogen,2001,6,514.07
Molecular Hydrogen,2001,7,491.46
Molecular Hydrogen,2001,8,470.09
Molecular Hydrogen,2001,9,459.27
Molecular Hydrogen,2001,10,456.92
Molecular Hydrogen,2001,11,464.08
Molecular Hydrogen,2001,12,471.14
Molecular Hydrogen,2002,1,486.08
Molecular Hydrogen,2002,2,500.47
Molecular Hydrogen,2002,3,503.7
Molecular Hydrogen,2002,4,503.97
Molecular Hydrogen,2002,5,511.97
Molecular Hydrogen,2002,6,514.09
Molecular Hydrogen,2002,7,492.33
Molecular Hydrogen,2002,8,467.67
Molecular Hydrogen,2002,9,458.43
Molecular Hydrogen,2002,10,464.86
Molecular Hydrogen,2002,11,475.5
Molecular Hydrogen,2002,12,479.89
Molecular Hydrogen,2003,1,490.02
Molecular Hydrogen,2003,2,503.26
Molecular Hydrogen,2003,3,509.72
Molecular Hydrogen,2003,4,513.6
Molecular Hydrogen,2003,5,518.3
Molecular Hydrogen,2003,6,514.39
Molecular Hydrogen,2003,7,499.51
Molecular Hydrogen,2003,8,480.63
Molecular Hydrogen,2003,9,477.46
Molecular Hydrogen,2003,10,476.83
Molecular Hydrogen,2003,11,473.07
Molecular Hydrogen,2003,12,478.66
Molecular Hydrogen,2004,1,489.11
Molecular Hydrogen,2004,2,502.81
Molecular Hydrogen,2004,3,513.46
Molecular Hydrogen,2004,4,520.21
Molecular Hydrogen,2004,5,525.55
Molecular Hydrogen,2004,6,514.21
Molecular Hydrogen,2004,7,496.97
Molecular Hydrogen,2004,8,489.61
Molecular Hydrogen,2004,9,481.56
Molecular Hydrogen,2004,10,464.08
Molecular Hydrogen,2004,11,460.47
Molecular Hydrogen,2004,12,472.72
Molecular Hydrogen,2005,1,482.46
Molecular Hydrogen,2005,2,497.33
Molecular Hydrogen,2005,3,508.74
Molecular Hydrogen,2005,4,510.66
Molecular Hydrogen,2005,5,511.45
Molecular Hydrogen,2005,6,510.31
Nitrous Oxide ,1997,5,313.54
Nitrous Oxide ,1997,6,313.47
Nitrous Oxide ,1997,7,313.28
Nitrous Oxide ,1997,8,313.09
Nitrous Oxide ,1997,9,313.02
Nitrous Oxide ,1997,10,313.07
Nitrous Oxide ,1997,11,313.19
Nitrous Oxide ,1997,12,313.4
Nitrous Oxide ,1998,1,313.65
Nitrous Oxide ,1998,2,313.7
Nitrous Oxide ,1998,3,313.66
Nitrous Oxide ,1998,4,313.73
Nitrous Oxide ,1998,5,313.8
Nitrous Oxide ,1998,6,313.71
Nitrous Oxide ,1998,7,313.5
Nitrous Oxide ,1998,8,313.33
Nitrous Oxide ,1998,9,313.32
Nitrous Oxide ,1998,10,313.46
Nitrous Oxide ,1998,11,313.69
Nitrous Oxide ,1998,12,313.95
Nitrous Oxide ,1999,1,314.08
Nitrous Oxide ,1999,2,314.15
Nitrous Oxide ,1999,3,314.27
Nitrous Oxide ,1999,4,314.3
Nitrous Oxide ,1999,5,314.18
Nitrous Oxide ,1999,6,313.93
Nitrous Oxide ,1999,7,313.67
Nitrous Oxide ,1999,8,313.65
Nitrous Oxide ,1999,9,313.94
Nitrous Oxide ,1999,10,314.32
Nitrous Oxide ,1999,11,314.59
Nitrous Oxide ,1999,12,314.91
Nitrous Oxide ,2000,1,315.21
Nitrous Oxide ,2000,2,315.31
Nitrous Oxide ,2000,3,315.33
Nitrous Oxide ,2000,4,315.49
Nitrous Oxide ,2000,5,315.7
Nitrous Oxide ,2000,6,315.67
Nitrous Oxide ,2000,7,315.45
Nitrous Oxide ,2000,8,315.38
Nitrous Oxide ,2000,9,315.56
Nitrous Oxide ,2000,10,315.73
Nitrous Oxide ,2000,11,315.96
Nitrous Oxide ,2000,12,316.27
Nitrous Oxide ,2001,1,316.49
Nitrous Oxide ,2001,2,316.63
Nitrous Oxide ,2001,3,316.68
Nitrous Oxide ,2001,4,316.57
Nitrous Oxide ,2001,5,316.39
Nitrous Oxide ,2001,6,316.36
Nitrous Oxide ,2001,7,316.31
Nitrous Oxide ,2001,8,316.14
Nitrous Oxide ,2001,9,316.19
Nitrous Oxide ,2001,10,316.48
Nitrous Oxide ,2001,11,316.76
Nitrous Oxide ,2001,12,316.98
Nitrous Oxide ,2002,1,317.12
Nitrous Oxide ,2002,2,317.24
Nitrous Oxide ,2002,3,317.45
Nitrous Oxide ,2002,4,317.58
Nitrous Oxide ,2002,5,317.43
Nitrous Oxide ,2002,6,317.15
Nitrous Oxide ,2002,7,316.9
Nitrous Oxide ,2002,8,316.72
Nitrous Oxide ,2002,9,316.73
Nitrous Oxide ,2002,10,316.91
Nitrous Oxide ,2002,11,317.19
Nitrous Oxide ,2002,12,317.51
Nitrous Oxide ,2003,1,317.74
Nitrous Oxide ,2003,2,317.76
Nitrous Oxide ,2003,3,317.87
Nitrous Oxide ,2003,4,318.05
Nitrous Oxide ,2003,5,318.05
Nitrous Oxide ,2003,6,317.99
Nitrous Oxide ,2003,7,317.85
Nitrous Oxide ,2003,8,317.59
Nitrous Oxide ,2003,9,317.52
Nitrous Oxide ,2003,10,317.83
Nitrous Oxide ,2003,11,318.15
Nitrous Oxide ,2003,12,318.28
Nitrous Oxide ,2004,1,318.44
Nitrous Oxide ,2004,2,318.52
Nitrous Oxide ,2004,3,318.49
Nitrous Oxide ,2004,4,318.66
Nitrous Oxide ,2004,5,318.83
Nitrous Oxide ,2004,6,318.57
Nitrous Oxide ,2004,7,318.18
Nitrous Oxide ,2004,8,318.13
Nitrous Oxide ,2004,9,318.14
Nitrous Oxide ,2004,10,318.15
Nitrous Oxide ,2004,11,318.52
Nitrous Oxide ,2004,12,319.18
Nitrous Oxide ,2005,1,319.45
Nitrous Oxide ,2005,2,319.35
Nitrous Oxide ,2005,3,319.41
Nitrous Oxide ,2005,4,319.58
Nitrous Oxide ,2005,5,319.38
Nitrous Oxide ,2005,6,318.93
Nitrous Oxide ,2005,7,318.79
Nitrous Oxide ,2005,8,318.93
Nitrous Oxide ,2005,9,319
Nitrous Oxide ,2005,10,319.06
Nitrous Oxide ,2005,11,319.33
Nitrous Oxide ,2005,12,319.72
Nitrous Oxide ,2006,1,319.94
Nitrous Oxide ,2006,2,320.1
Nitrous Oxide ,2006,3,320.35
Nitrous Oxide ,2006,4,320.47
Nitrous Oxide ,2006,5,320.24
Nitrous Oxide ,2006,6,319.94
Nitrous Oxide ,2006,7,319.72
Nitrous Oxide ,2006,8,319.49
Nitrous Oxide ,2006,9,319.47
Nitrous Oxide ,2006,10,319.75
Nitrous Oxide ,2006,11,320.19
Nitrous Oxide ,2006,12,320.6
Nitrous Oxide ,2007,1,320.76
Nitrous Oxide ,2007,2,320.78
Nitrous Oxide ,2007,3,320.88
Nitrous Oxide ,2007,4,320.97
Nitrous Oxide ,2007,5,320.89
Nitrous Oxide ,2007,6,320.72
Nitrous Oxide ,2007,7,320.51
Nitrous Oxide ,2007,8,320.39
Nitrous Oxide ,2007,9,320.56
Nitrous Oxide ,2007,10,320.88
Nitrous Oxide ,2007,11,321.27
Nitrous Oxide ,2007,12,321.72
Nitrous Oxide ,2008,1,322.13
Nitrous Oxide ,2008,2,322.26
Nitrous Oxide ,2008,3,322.18
Nitrous Oxide ,2008,4,322.13
Nitrous Oxide ,2008,5,322.16
Nitrous Oxide ,2008,6,322.1
Nitrous Oxide ,2008,7,321.87
Nitrous Oxide ,2008,8,321.64
Nitrous Oxide ,2008,9,321.64
Nitrous Oxide ,2008,10,321.89
Nitrous Oxide ,2008,11,322.09
Nitrous Oxide ,2008,12,322.26
Nitrous Oxide ,2009,1,322.67
Nitrous Oxide ,2009,2,323.04
Nitrous Oxide ,2009,3,323.09
Nitrous Oxide ,2009,4,322.93
Nitrous Oxide ,2009,5,322.69
Nitrous Oxide ,2009,6,322.41
Nitrous Oxide ,2009,7,322.23
Nitrous Oxide ,2009,8,322.24
Nitrous Oxide ,2009,9,322.42
Nitrous Oxide ,2009,10,322.79
Nitrous Oxide ,2009,11,323.09
Nitrous Oxide ,2009,12,323.17
Nitrous Oxide ,2010,1,323.2
Nitrous Oxide ,2010,2,323.35
Nitrous Oxide ,2010,3,323.61
Nitrous Oxide ,2010,4,323.75
Nitrous Oxide ,2010,5,323.66
Nitrous Oxide ,2010,6,323.5
Nitrous Oxide ,2010,7,323.37
Nitrous Oxide ,2010,8,323.22
Nitrous Oxide ,2010,9,323.15
Nitrous Oxide ,2010,10,323.35
Nitrous Oxide ,2010,11,323.67
Nitrous Oxide ,2010,12,324.04
Nitrous Oxide ,2011,1,324.41
Nitrous Oxide ,2011,2,324.63
Nitrous Oxide ,2011,3,324.7
Nitrous Oxide ,2011,4,324.71
Nitrous Oxide ,2011,5,324.64
Nitrous Oxide ,2011,6,324.47
Nitrous Oxide ,2011,7,324.31
Nitrous Oxide ,2011,8,324.22
Nitrous Oxide ,2011,9,324.3
Nitrous Oxide ,2011,10,324.64
Nitrous Oxide ,2011,11,325.09
Nitrous Oxide ,2011,12,325.32
Nitrous Oxide ,2012,1,325.38
Nitrous Oxide ,2012,2,325.47
Nitrous Oxide ,2012,3,325.6
Nitrous Oxide ,2012,4,325.7
Nitrous Oxide ,2012,5,325.66
Nitrous Oxide ,2012,6,325.37
Nitrous Oxide ,2012,7,325.02
Nitrous Oxide ,2012,8,324.78
Nitrous Oxide ,2012,9,324.83
Nitrous Oxide ,2012,10,325.19
Nitrous Oxide ,2012,11,325.61
Nitrous Oxide ,2012,12,325.83
Nitrous Oxide ,2013,1,325.94
Nitrous Oxide ,2013,2,326.05
Nitrous Oxide ,2013,3,326.19
Nitrous Oxide ,2013,4,326.36
Nitrous Oxide ,2013,5,326.47
Nitrous Oxide ,2013,6,326.43
Nitrous Oxide ,2013,7,326.22
Nitrous Oxide ,2013,8,325.91
Nitrous Oxide ,2013,9,325.76
Nitrous Oxide ,2013,10,326.04
Nitrous Oxide ,2013,11,326.56
Nitrous Oxide ,2013,12,326.86
Nitrous Oxide ,2014,1,326.98
Nitrous Oxide ,2014,2,327.11
Nitrous Oxide ,2014,3,327.29
Nitrous Oxide ,2014,4,327.48
Nitrous Oxide ,2014,5,327.54
Nitrous Oxide ,2014,6,327.46
Nitrous Oxide ,2014,7,327.42
Nitrous Oxide ,2014,8,327.46
Nitrous Oxide ,2014,9,327.52
Nitrous Oxide ,2014,10,327.7
Nitrous Oxide ,2014,11,328.05
Nitrous Oxide ,2014,12,328.35
Nitrous Oxide ,2015,1,328.53
Nitrous Oxide ,2015,2,328.63
Nitrous Oxide ,2015,3,328.67
Nitrous Oxide ,2015,4,328.62
Nitrous Oxide ,2015,5,328.57
Nitrous Oxide ,2015,6,328.45
Nitrous Oxide ,2015,7,328.19
Nitrous Oxide ,2015,8,328.03
Nitrous Oxide ,2015,9,328.15
Nitrous Oxide ,2015,10,328.43
Nitrous Oxide ,2015,11,328.76
Nitrous Oxide ,2015,12,329.19
Nitrous Oxide ,2016,1,329.47
Nitrous Oxide ,2016,2,329.51
Nitrous Oxide ,2016,3,329.51
Nitrous Oxide ,2016,4,329.59
Nitrous Oxide ,2016,5,329.62
Nitrous Oxide ,2016,6,329.49
Nitrous Oxide ,2016,7,329.2
Nitrous Oxide ,2016,8,328.93
Nitrous Oxide ,2016,9,328.92
Nitrous Oxide ,2016,10,329.18
Nitrous Oxide ,2016,11,329.6
Nitrous Oxide ,2016,12,330
Nitrous Oxide ,2017,1,330.27
Nitrous Oxide ,2017,2,330.42
Nitrous Oxide ,2017,3,330.39
Nitrous Oxide ,2017,4,330.25
Nitrous Oxide ,2017,5,330.19
Nitrous Oxide ,2017,6,330.2
Nitrous Oxide ,2017,7,330.09
Nitrous Oxide ,2017,8,329.91
Nitrous Oxide ,2017,9,330.01
Nitrous Oxide ,2017,10,330.33
Nitrous Oxide ,2017,11,330.61
Nitrous Oxide ,2017,12,330.7
Nitrous Oxide ,2018,1,330.77
Nitrous Oxide ,2018,2,330.9
Nitrous Oxide ,2018,3,331.07
Nitrous Oxide ,2018,4,331.32
Nitrous Oxide ,2018,5,331.48
Nitrous Oxide ,2018,6,331.22
Nitrous Oxide ,2018,7,330.83
Nitrous Oxide ,2018,8,330.69
Nitrous Oxide ,2018,9,330.94
Nitrous Oxide ,2018,10,331.34
Nitrous Oxide ,2018,11,331.64
Nitrous Oxide ,2018,12,331.88
Nitrous Oxide ,2019,1,332.23
Nitrous Oxide ,2019,2,332.5
Nitrous Oxide ,2019,3,332.54
Nitrous Oxide ,2019,4,332.52
Nitrous Oxide ,2019,5,332.53
Nitrous Oxide ,2019,6,332.43
Nitrous Oxide ,2019,7,332.16
Nitrous Oxide ,2019,8,331.91
Nitrous Oxide ,2019,9,331.91
Nitrous Oxide ,2019,10,332.17
Nitrous Oxide ,2019,11,332.53
Nitrous Oxide ,2019,12,332.83
Sulfur Hexafluoride ,1997,5,4.17
Sulfur Hexafluoride ,1997,6,4.18
Sulfur Hexafluoride ,1997,7,4.17
Sulfur Hexafluoride ,1997,8,4.17
Sulfur Hexafluoride ,1997,9,4.2
Sulfur Hexafluoride ,1997,10,4.22
Sulfur Hexafluoride ,1997,11,4.24
Sulfur Hexafluoride ,1997,12,4.27
Sulfur Hexafluoride ,1998,1,4.31
Sulfur Hexafluoride ,1998,2,4.34
Sulfur Hexafluoride ,1998,3,4.35
Sulfur Hexafluoride ,1998,4,4.35
Sulfur Hexafluoride ,1998,5,4.37
Sulfur Hexafluoride ,1998,6,4.39
Sulfur Hexafluoride ,1998,7,4.4
Sulfur Hexafluoride ,1998,8,4.41
Sulfur Hexafluoride ,1998,9,4.41
Sulfur Hexafluoride ,1998,10,4.41
Sulfur Hexafluoride ,1998,11,4.44
Sulfur Hexafluoride ,1998,12,4.5
Sulfur Hexafluoride ,1999,1,4.53
Sulfur Hexafluoride ,1999,2,4.54
Sulfur Hexafluoride ,1999,3,4.54
Sulfur Hexafluoride ,1999,4,4.52
Sulfur Hexafluoride ,1999,5,4.5
Sulfur Hexafluoride ,1999,6,4.51
Sulfur Hexafluoride ,1999,7,4.51
Sulfur Hexafluoride ,1999,8,4.52
Sulfur Hexafluoride ,1999,9,4.54
Sulfur Hexafluoride ,1999,10,4.56
Sulfur Hexafluoride ,1999,11,4.59
Sulfur Hexafluoride ,1999,12,4.62
Sulfur Hexafluoride ,2000,1,4.64
Sulfur Hexafluoride ,2000,2,4.65
Sulfur Hexafluoride ,2000,3,4.67
Sulfur Hexafluoride ,2000,4,4.7
Sulfur Hexafluoride ,2000,5,4.72
Sulfur Hexafluoride ,2000,6,4.74
Sulfur Hexafluoride ,2000,7,4.75
Sulfur Hexafluoride ,2000,8,4.74
Sulfur Hexafluoride ,2000,9,4.76
Sulfur Hexafluoride ,2000,10,4.81
Sulfur Hexafluoride ,2000,11,4.82
Sulfur Hexafluoride ,2000,12,4.83
Sulfur Hexafluoride ,2001,1,4.86
Sulfur Hexafluoride ,2001,2,4.89
Sulfur Hexafluoride ,2001,3,4.9
Sulfur Hexafluoride ,2001,4,4.9
Sulfur Hexafluoride ,2001,5,4.92
Sulfur Hexafluoride ,2001,6,4.94
Sulfur Hexafluoride ,2001,7,4.95
Sulfur Hexafluoride ,2001,8,4.94
Sulfur Hexafluoride ,2001,9,4.94
Sulfur Hexafluoride ,2001,10,4.96
Sulfur Hexafluoride ,2001,11,5.01
Sulfur Hexafluoride ,2001,12,5.04
Sulfur Hexafluoride ,2002,1,5.06
Sulfur Hexafluoride ,2002,2,5.07
Sulfur Hexafluoride ,2002,3,5.09
Sulfur Hexafluoride ,2002,4,5.1
Sulfur Hexafluoride ,2002,5,5.11
Sulfur Hexafluoride ,2002,6,5.13
Sulfur Hexafluoride ,2002,7,5.14
Sulfur Hexafluoride ,2002,8,5.13
Sulfur Hexafluoride ,2002,9,5.14
Sulfur Hexafluoride ,2002,10,5.17
Sulfur Hexafluoride ,2002,11,5.2
Sulfur Hexafluoride ,2002,12,5.22
Sulfur Hexafluoride ,2003,1,5.23
Sulfur Hexafluoride ,2003,2,5.26
Sulfur Hexafluoride ,2003,3,5.29
Sulfur Hexafluoride ,2003,4,5.33
Sulfur Hexafluoride ,2003,5,5.38
Sulfur Hexafluoride ,2003,6,5.42
Sulfur Hexafluoride ,2003,7,5.44
Sulfur Hexafluoride ,2003,8,5.44
Sulfur Hexafluoride ,2003,9,5.43
Sulfur Hexafluoride ,2003,10,5.46
Sulfur Hexafluoride ,2003,11,5.49
Sulfur Hexafluoride ,2003,12,5.51
Sulfur Hexafluoride ,2004,1,5.54
Sulfur Hexafluoride ,2004,2,5.55
Sulfur Hexafluoride ,2004,3,5.56
Sulfur Hexafluoride ,2004,4,5.59
Sulfur Hexafluoride ,2004,5,5.62
Sulfur Hexafluoride ,2004,6,5.64
Sulfur Hexafluoride ,2004,7,5.63
Sulfur Hexafluoride ,2004,8,5.62
Sulfur Hexafluoride ,2004,9,5.62
Sulfur Hexafluoride ,2004,10,5.65
Sulfur Hexafluoride ,2004,11,5.68
Sulfur Hexafluoride ,2004,12,5.72
Sulfur Hexafluoride ,2005,1,5.76
Sulfur Hexafluoride ,2005,2,5.77
Sulfur Hexafluoride ,2005,3,5.78
Sulfur Hexafluoride ,2005,4,5.79
Sulfur Hexafluoride ,2005,5,5.81
Sulfur Hexafluoride ,2005,6,5.83
Sulfur Hexafluoride ,2005,7,5.85
Sulfur Hexafluoride ,2005,8,5.86
Sulfur Hexafluoride ,2005,9,5.85
Sulfur Hexafluoride ,2005,10,5.86
Sulfur Hexafluoride ,2005,11,5.9
Sulfur Hexafluoride ,2005,12,5.96
Sulfur Hexafluoride ,2006,1,5.98
Sulfur Hexafluoride ,2006,2,6
Sulfur Hexafluoride ,2006,3,6.03
Sulfur Hexafluoride ,2006,4,6.06
Sulfur Hexafluoride ,2006,5,6.07
Sulfur Hexafluoride ,2006,6,6.08
Sulfur Hexafluoride ,2006,7,6.09
Sulfur Hexafluoride ,2006,8,6.1
Sulfur Hexafluoride ,2006,9,6.09
Sulfur Hexafluoride ,2006,10,6.11
Sulfur Hexafluoride ,2006,11,6.15
Sulfur Hexafluoride ,2006,12,6.22
Sulfur Hexafluoride ,2007,1,6.25
Sulfur Hexafluoride ,2007,2,6.25
Sulfur Hexafluoride ,2007,3,6.26
Sulfur Hexafluoride ,2007,4,6.32
Sulfur Hexafluoride ,2007,5,6.36
Sulfur Hexafluoride ,2007,6,6.37
Sulfur Hexafluoride ,2007,7,6.37
Sulfur Hexafluoride ,2007,8,6.37
Sulfur Hexafluoride ,2007,9,6.38
Sulfur Hexafluoride ,2007,10,6.4
Sulfur Hexafluoride ,2007,11,6.46
Sulfur Hexafluoride ,2007,12,6.52
Sulfur Hexafluoride ,2008,1,6.55
Sulfur Hexafluoride ,2008,2,6.57
Sulfur Hexafluoride ,2008,3,6.59
Sulfur Hexafluoride ,2008,4,6.61
Sulfur Hexafluoride ,2008,5,6.63
Sulfur Hexafluoride ,2008,6,6.65
Sulfur Hexafluoride ,2008,7,6.66
Sulfur Hexafluoride ,2008,8,6.69
Sulfur Hexafluoride ,2008,9,6.73
Sulfur Hexafluoride ,2008,10,6.75
Sulfur Hexafluoride ,2008,11,6.78
Sulfur Hexafluoride ,2008,12,6.83
Sulfur Hexafluoride ,2009,1,6.87
Sulfur Hexafluoride ,2009,2,6.87
Sulfur Hexafluoride ,2009,3,6.88
Sulfur Hexafluoride ,2009,4,6.91
Sulfur Hexafluoride ,2009,5,6.93
Sulfur Hexafluoride ,2009,6,6.93
Sulfur Hexafluoride ,2009,7,6.96
Sulfur Hexafluoride ,2009,8,6.98
Sulfur Hexafluoride ,2009,9,6.99
Sulfur Hexafluoride ,2009,10,7
Sulfur Hexafluoride ,2009,11,7.04
Sulfur Hexafluoride ,2009,12,7.08
Sulfur Hexafluoride ,2010,1,7.13
Sulfur Hexafluoride ,2010,2,7.16
Sulfur Hexafluoride ,2010,3,7.19
Sulfur Hexafluoride ,2010,4,7.2
Sulfur Hexafluoride ,2010,5,7.21
Sulfur Hexafluoride ,2010,6,7.23
Sulfur Hexafluoride ,2010,7,7.25
Sulfur Hexafluoride ,2010,8,7.27
Sulfur Hexafluoride ,2010,9,7.28
Sulfur Hexafluoride ,2010,10,7.28
Sulfur Hexafluoride ,2010,11,7.32
Sulfur Hexafluoride ,2010,12,7.37
Sulfur Hexafluoride ,2011,1,7.41
Sulfur Hexafluoride ,2011,2,7.41
Sulfur Hexafluoride ,2011,3,7.42
Sulfur Hexafluoride ,2011,4,7.44
Sulfur Hexafluoride ,2011,5,7.47
Sulfur Hexafluoride ,2011,6,7.51
Sulfur Hexafluoride ,2011,7,7.52
Sulfur Hexafluoride ,2011,8,7.51
Sulfur Hexafluoride ,2011,9,7.51
Sulfur Hexafluoride ,2011,10,7.56
Sulfur Hexafluoride ,2011,11,7.61
Sulfur Hexafluoride ,2011,12,7.64
Sulfur Hexafluoride ,2012,1,7.66
Sulfur Hexafluoride ,2012,2,7.68
Sulfur Hexafluoride ,2012,3,7.7
Sulfur Hexafluoride ,2012,4,7.74
Sulfur Hexafluoride ,2012,5,7.78
Sulfur Hexafluoride ,2012,6,7.81
Sulfur Hexafluoride ,2012,7,7.82
Sulfur Hexafluoride ,2012,8,7.82
Sulfur Hexafluoride ,2012,9,7.84
Sulfur Hexafluoride ,2012,10,7.87
Sulfur Hexafluoride ,2012,11,7.93
Sulfur Hexafluoride ,2012,12,7.97
Sulfur Hexafluoride ,2013,1,8
Sulfur Hexafluoride ,2013,2,8.02
Sulfur Hexafluoride ,2013,3,8.03
Sulfur Hexafluoride ,2013,4,8.05
Sulfur Hexafluoride ,2013,5,8.11
Sulfur Hexafluoride ,2013,6,8.16
Sulfur Hexafluoride ,2013,7,8.16
Sulfur Hexafluoride ,2013,8,8.16
Sulfur Hexafluoride ,2013,9,8.17
Sulfur Hexafluoride ,2013,10,8.2
Sulfur Hexafluoride ,2013,11,8.25
Sulfur Hexafluoride ,2013,12,8.29
Sulfur Hexafluoride ,2014,1,8.3
Sulfur Hexafluoride ,2014,2,8.33
Sulfur Hexafluoride ,2014,3,8.37
Sulfur Hexafluoride ,2014,4,8.4
Sulfur Hexafluoride ,2014,5,8.41
Sulfur Hexafluoride ,2014,6,8.43
Sulfur Hexafluoride ,2014,7,8.46
Sulfur Hexafluoride ,2014,8,8.49
Sulfur Hexafluoride ,2014,9,8.52
Sulfur Hexafluoride ,2014,10,8.57
Sulfur Hexafluoride ,2014,11,8.63
Sulfur Hexafluoride ,2014,12,8.66
Sulfur Hexafluoride ,2015,1,8.66
Sulfur Hexafluoride ,2015,2,8.67
Sulfur Hexafluoride ,2015,3,8.7
Sulfur Hexafluoride ,2015,4,8.73
Sulfur Hexafluoride ,2015,5,8.76
Sulfur Hexafluoride ,2015,6,8.8
Sulfur Hexafluoride ,2015,7,8.81
Sulfur Hexafluoride ,2015,8,8.82
Sulfur Hexafluoride ,2015,9,8.83
Sulfur Hexafluoride ,2015,10,8.87
Sulfur Hexafluoride ,2015,11,8.92
Sulfur Hexafluoride ,2015,12,8.96
Sulfur Hexafluoride ,2016,1,8.99
Sulfur Hexafluoride ,2016,2,9
Sulfur Hexafluoride ,2016,3,9.01
Sulfur Hexafluoride ,2016,4,9.04
Sulfur Hexafluoride ,2016,5,9.09
Sulfur Hexafluoride ,2016,6,9.13
Sulfur Hexafluoride ,2016,7,9.15
Sulfur Hexafluoride ,2016,8,9.15
Sulfur Hexafluoride ,2016,9,9.17
Sulfur Hexafluoride ,2016,10,9.21
Sulfur Hexafluoride ,2016,11,9.26
Sulfur Hexafluoride ,2016,12,9.31
Sulfur Hexafluoride ,2017,1,9.34
Sulfur Hexafluoride ,2017,2,9.37
Sulfur Hexafluoride ,2017,3,9.4
Sulfur Hexafluoride ,2017,4,9.43
Sulfur Hexafluoride ,2017,5,9.46
Sulfur Hexafluoride ,2017,6,9.48
Sulfur Hexafluoride ,2017,7,9.49
Sulfur Hexafluoride ,2017,8,9.5
Sulfur Hexafluoride ,2017,9,9.51
Sulfur Hexafluoride ,2017,10,9.57
Sulfur Hexafluoride ,2017,11,9.62
Sulfur Hexafluoride ,2017,12,9.65
Sulfur Hexafluoride ,2018,1,9.68
Sulfur Hexafluoride ,2018,2,9.71
Sulfur Hexafluoride ,2018,3,9.73
Sulfur Hexafluoride ,2018,4,9.75
Sulfur Hexafluoride ,2018,5,9.76
Sulfur Hexafluoride ,2018,6,9.79
Sulfur Hexafluoride ,2018,7,9.81
Sulfur Hexafluoride ,2018,8,9.83
Sulfur Hexafluoride ,2018,9,9.85
Sulfur Hexafluoride ,2018,10,9.9
Sulfur Hexafluoride ,2018,11,9.95
Sulfur Hexafluoride ,2018,12,9.99
Sulfur Hexafluoride ,2019,1,10.01
Sulfur Hexafluoride ,2019,2,10.02
Sulfur Hexafluoride ,2019,3,10.05
Sulfur Hexafluoride ,2019,4,10.09
Sulfur Hexafluoride ,2019,5,10.11
Sulfur Hexafluoride ,2019,6,10.15
Sulfur Hexafluoride ,2019,7,10.18
Sulfur Hexafluoride ,2019,8,10.2
Sulfur Hexafluoride ,2019,9,10.22
Sulfur Hexafluoride ,2019,10,10.24
Sulfur Hexafluoride ,2019,11,10.27
Sulfur Hexafluoride ,2019,12,10.31
